Index,Traffic_Received,Traffic_Predicted
0,5,1
1,13,5
2,14,16
3,13,18
4,18,14
5,11,19
6,6,10
7,6,6
8,11,6
9,7,9
10,19,6
11,16,15
12,15,15
13,23,14
14,24,25
15,30,25
16,35,34
17,26,36
18,20,21
19,24,17
20,20,24
21,27,19
22,19,29
23,16,15
24,19,13
25,16,18
26,20,15
27,19,20
28,13,19
29,15,11
30,10,14
31,10,9
32,10,10
33,13,10
34,5,13
35,4,6
36,20,5
37,23,15
38,23,24
39,21,24
40,15,21
41,11,12
42,7,9
43,5,6
44,5,6
45,9,5
46,9,8
47,16,9
48,23,14
49,25,25
50,29,27
51,37,31
52,32,38
53,25,30
54,22,22
55,22,20
56,21,21
57,25,21
58,20,27
59,24,18
60,20,24
61,22,19
62,21,22
63,21,21
64,8,21
65,6,5
66,6,5
67,16,5
68,7,11
69,6,6
70,8,6
71,11,8
72,12,10
73,16,11
74,9,15
75,9,8
76,18,9
77,18,16
78,6,18
79,3,5
80,2,4
81,43,3
82,11,21
83,6,6
84,18,4
85,22,12
86,26,22
87,27,28
88,22,27
89,21,20
90,23,20
91,21,23
92,25,20
93,22,26
94,23,21
95,23,23
96,23,24
97,18,23
98,20,16
99,18,19
100,19,17
101,14,19
102,7,12
103,15,6
104,15,13
105,9,14
106,10,9
107,14,10
108,10,13
109,12,10
110,15,12
111,6,14
112,7,6
113,5,8
114,9,6
115,10,8
116,16,9
117,23,14
118,26,25
119,27,29
120,31,27
121,28,33
122,25,25
123,19,24
124,19,16
125,18,17
126,29,17
127,17,34
128,17,11
129,17,14
130,16,15
131,15,15
132,15,14
133,13,14
134,11,12
135,6,11
136,6,7
137,13,7
138,14,12
139,11,14
140,11,11
141,4,11
142,9,6
143,21,9
144,24,18
145,19,27
146,21,17
147,9,21
148,8,5
149,21,6
150,15,16
151,15,13
152,24,14
153,26,27
154,27,28
155,24,28
156,30,22
157,32,33
158,21,32
159,25,15
160,20,25
161,21,18
162,24,21
163,18,25
164,21,16
165,22,20
166,17,23
167,22,15
168,22,22
169,19,22
170,12,18
171,11,9
172,16,9
173,7,14
174,10,7
175,10,10
176,11,10
177,10,11
178,7,10
179,11,8
180,19,10
181,17,18
182,18,17
183,9,18
184,6,7
185,13,6
186,7,11
187,10,7
188,16,9
189,24,14
190,26,27
191,25,28
192,30,24
193,31,33
194,27,31
195,21,24
196,18,18
197,24,15
198,20,25
199,21,19
200,18,21
201,12,16
202,18,9
203,14,16
204,20,13
205,21,20
206,11,22
207,5,8
208,7,5
209,9,7
210,8,8
211,13,8
212,7,12
213,12,7
214,16,11
215,17,15
216,16,17
217,16,16
218,19,15
219,9,19
220,9,7
221,8,8
222,8,8
223,7,8
224,10,8
225,21,10
226,18,20
227,22,18
228,21,24
229,30,21
230,28,35
231,26,26
232,26,25
233,24,26
234,20,23
235,40,19
236,20,38
237,22,12
238,15,20
239,21,12
240,17,20
241,16,16
242,7,15
243,9,6
244,7,8
245,10,7
246,8,9
247,4,8
248,5,5
249,6,6
250,4,6
251,7,5
252,11,6
253,17,9
254,22,15
255,18,24
256,17,18
257,15,15
258,11,13
259,6,9
260,15,6
261,18,13
262,17,18
263,11,17
264,20,10
265,19,19
266,22,20
267,21,24
268,20,21
269,28,19
270,35,32
271,30,38
272,25,27
273,20,23
274,21,17
275,27,20
276,15,30
277,24,10
278,26,22
279,23,27
280,23,21
281,28,23
282,17,31
283,19,12
284,15,17
285,17,13
286,9,15
287,7,7
288,4,7
289,5,5
290,10,6
291,10,9
292,6,10
293,7,7
294,15,8
295,14,12
296,16,13
297,17,16
298,11,17
299,11,9
300,7,11
301,5,7
302,9,6
303,11,8
304,9,10
305,7,9
306,15,8
307,5,13
308,10,6
309,11,9
310,18,10
311,10,16
312,11,9
313,11,10
314,15,10
315,12,14
316,19,12
317,13,19
318,5,12
319,9,6
320,9,8
321,8,9
322,13,8
323,15,12
324,15,15
325,12,15
326,19,11
327,13,19
328,3,11
329,6,4
330,1,6
331,12,3
332,10,8
333,14,8
334,11,12
335,11,10
336,17,10
337,15,17
338,8,14
339,6,8
340,9,6
341,11,8
342,15,10
343,12,14
344,8,11
345,8,8
346,13,8
347,15,12
348,10,15
349,6,9
350,19,7
351,36,16
352,10,38
353,13,1
354,8,5
355,10,4
356,11,7
357,17,8
358,15,14
359,13,14
360,7,12
361,12,7
362,14,11
363,18,13
364,14,18
365,17,13
366,12,17
367,11,11
368,12,10
369,22,11
370,28,23
371,30,33
372,25,30
373,22,22
374,22,20
375,23,21
376,25,23
377,24,26
378,24,24
379,25,24
380,25,25
381,28,25
382,21,30
383,18,17
384,20,16
385,19,19
386,7,18
387,9,5
388,9,7
389,12,8
390,19,10
391,5,18
392,14,5
393,4,10
394,15,4
395,19,10
396,14,17
397,16,13
398,9,15
399,5,8
400,9,6
401,11,8
402,21,11
403,22,20
404,5,25
405,4,3
406,15,2
407,18,7
408,23,13
409,14,23
410,15,11
411,14,13
412,21,13
413,17,21
414,24,16
415,12,26
416,9,8
417,9,6
418,2,8
419,9,4
420,15,7
421,11,12
422,16,10
423,18,15
424,13,18
425,16,11
426,23,15
427,22,26
428,24,22
429,29,25
430,22,32
431,17,17
432,28,14
433,22,30
434,29,19
435,28,32
436,28,27
437,24,28
438,26,22
439,25,27
440,19,24
441,21,16
442,20,20
443,19,19
444,8,19
445,6,5
446,4,6
447,7,5
448,10,7
449,22,9
450,13,19
451,7,12
452,10,7
453,12,9
454,14,11
455,13,14
456,12,12
457,8,11
458,8,9
459,11,9
460,5,10
461,10,6
462,6,9
463,11,7
464,14,10
465,13,13
466,24,12
467,21,26
468,27,21
469,29,30
470,20,30
471,20,15
472,20,18
473,14,19
474,8,11
475,23,7
476,21,20
477,29,22
478,27,33
479,24,25
480,22,22
481,24,21
482,15,24
483,17,11
484,15,15
485,11,13
486,11,9
487,7,11
488,5,8
489,9,6
490,10,9
491,8,10
492,12,9
493,17,11
494,10,17
495,11,9
496,17,10
497,6,16
498,7,6
499,9,7
500,14,8
501,5,12
502,15,6
503,19,12
504,15,18
505,15,14
506,14,14
507,13,13
508,21,12
509,24,22
510,26,27
511,29,28
512,26,31
513,18,24
514,25,14
515,10,25
516,24,5
517,24,18
518,26,24
519,28,27
520,28,29
521,18,28
522,20,13
523,16,18
524,15,14
525,10,13
526,6,8
527,6,6
528,5,7
529,9,6
530,20,9
531,5,17
532,6,5
533,13,6
534,16,10
535,11,15
536,15,10
537,10,14
538,7,9
539,14,8
540,14,12
541,13,13
542,20,13
543,21,21
544,19,23
545,21,19
546,23,22
547,27,23
548,21,29
549,22,18
550,22,21
551,22,22
552,28,22
553,26,31
554,25,25
555,26,25
556,26,26
557,21,26
558,20,19
559,20,19
560,17,19
561,11,16
562,7,9
563,11,7
564,6,10
565,15,7
566,8,13
567,7,8
568,8,8
569,13,8
570,9,11
571,14,9
572,18,13
573,7,18
574,10,6
575,13,9
576,22,11
577,19,22
578,19,19
579,22,19
580,21,23
581,24,21
582,26,25
583,20,27
584,25,17
585,16,26
586,24,12
587,13,24
588,21,9
589,28,19
590,25,32
591,24,23
592,21,24
593,21,20
594,19,20
595,17,18
596,15,15
597,13,13
598,8,12
599,5,8
600,5,6
601,8,6
602,6,8
603,13,7
604,8,12
605,11,8
606,16,11
607,14,15
608,15,14
609,19,14
610,5,20
611,1,4
612,1,2
613,8,1
614,16,5
615,14,11
616,16,12
617,21,15
618,18,22
619,16,19
620,23,15
621,20,24
622,22,20
623,10,22
624,8,6
625,5,6
626,11,5
627,18,9
628,23,15
629,27,25
630,27,30
631,35,27
632,89,38
633,22,38
634,13,16
635,11,8
636,10,7
637,9,8
638,1,8
639,48,1
640,1,16
641,1,1
642,4,0
643,4,2
644,7,2
645,17,3
646,30,9
647,14,29
648,17,9
649,24,15
650,26,25
651,32,27
652,29,36
653,30,26
654,16,31
655,16,9
656,27,12
657,24,28
658,16,23
659,25,12
660,17,25
661,21,14
662,14,20
663,19,11
664,15,17
665,9,14
666,7,8
667,8,8
668,9,8
669,8,9
670,12,9
671,22,11
672,21,21
673,17,22
674,14,16
675,9,12
676,9,8
677,8,9
678,15,8
679,23,13
680,20,25
681,24,20
682,33,25
683,28,38
684,22,24
685,14,19
686,24,10
687,24,23
688,23,24
689,22,23
690,15,21
691,19,12
692,16,18
693,18,14
694,10,17
695,5,8
696,8,6
697,8,8
698,10,8
699,13,10
700,7,12
701,7,8
702,18,8
703,22,16
704,1,24
705,38,1
706,9,13
707,4,4
708,7,3
709,12,4
710,13,8
711,23,11
712,26,22
713,22,29
714,22,20
715,29,21
716,32,33
717,30,33
718,23,29
719,27,19
720,17,28
721,22,12
722,22,21
723,26,22
724,30,28
725,17,33
726,21,10
727,18,19
728,16,16
729,12,14
730,9,10
731,7,8
732,5,8
733,5,7
734,5,6
735,9,6
736,10,9
737,9,10
738,7,9
739,5,8
740,12,6
741,11,10
742,6,10
743,9,6
744,13,8
745,14,11
746,8,13
747,7,8
748,9,8
749,22,9
750,8,20
751,14,6
752,13,11
753,10,11
754,11,9
755,22,10
756,17,21
757,18,17
758,7,18
759,6,5
760,11,6
761,18,9
762,15,16
763,14,14
764,18,14
765,8,18
766,8,7
767,15,7
768,24,12
769,17,25
770,19,15
771,21,18
772,16,22
773,15,14
774,14,13
775,9,12
776,13,8
777,14,12
778,8,14
779,6,8
780,12,7
781,18,11
782,19,18
783,17,20
784,16,17
785,17,15
786,17,16
787,24,16
788,25,26
789,23,27
790,23,22
791,32,23
792,40,37
793,24,38
794,25,18
795,26,25
796,21,27
797,18,19
798,16,16
799,15,14
800,9,14
801,8,7
802,15,8
803,12,13
804,18,12
805,7,18
806,6,6
807,6,6
808,18,7
809,9,14
810,9,8
811,11,9
812,10,10
813,16,10
814,14,15
815,15,13
816,15,15
817,7,15
818,10,7
819,5,10
820,8,6
821,7,8
822,7,7
823,7,7
824,15,8
825,15,13
826,6,15
827,18,6
828,27,14
829,22,30
830,23,20
831,32,23
832,29,37
833,31,26
834,22,33
835,14,16
836,25,9
837,20,24
838,30,18
839,24,34
840,23,20
841,19,22
842,16,17
843,15,14
844,15,13
845,12,13
846,10,10
847,5,10
848,13,6
849,7,12
850,8,8
851,16,8
852,14,14
853,13,14
854,13,13
855,15,13
856,8,15
857,8,7
858,19,8
859,21,17
860,25,23
861,21,28
862,26,20
863,27,27
864,26,28
865,27,25
866,34,28
867,28,37
868,24,24
869,25,22
870,21,25
871,20,19
872,17,19
873,17,15
874,8,16
875,14,6
876,12,11
877,9,11
878,15,9
879,3,14
880,7,4
881,7,6
882,17,7
883,18,13
884,12,17
885,13,11
886,12,12
887,9,12
888,13,10
889,13,12
890,26,13
891,31,29
892,17,35
893,12,10
894,6,7
895,8,5
896,20,6
897,18,15
898,24,17
899,17,27
900,14,15
901,8,11
902,12,6
903,20,10
904,29,18
905,89,35
906,16,38
907,4,7
908,10,2
909,7,4
910,12,4
911,5,7
912,16,5
913,16,11
914,12,14
915,15,11
916,8,14
917,5,7
918,14,6
919,21,11
920,6,21
921,5,5
922,10,4
923,7,7
924,16,6
925,10,12
926,6,9
927,13,6
928,15,11
929,10,14
930,5,9
931,17,6
932,12,13
933,10,11
934,14,10
935,5,13
936,7,6
937,8,7
938,14,8
939,6,12
940,7,6
941,13,7
942,7,11
943,16,7
944,7,13
945,6,7
946,14,6
947,16,12
948,15,15
949,20,14
950,20,21
951,12,22
952,11,8
953,12,9
954,17,10
955,9,15
956,14,8
957,18,13
958,16,18
959,15,16
960,10,14
961,14,9
962,9,13
963,4,9
964,4,5
965,10,5
966,5,9
967,11,6
968,11,10
969,16,10
970,10,15
971,14,9
972,17,13
973,26,17
974,26,30
975,31,26
976,27,34
977,22,24
978,20,20
979,16,18
980,18,14
981,20,17
982,23,21
983,20,25
984,21,19
985,18,21
986,18,16
987,15,17
988,14,13
989,14,13
990,9,14
991,8,9
992,2,9
993,2,5
994,4,4
995,5,5
996,4,5
997,3,5
998,1,4
999,2,1
1000,2,2
1001,9,2
1002,8,6
1003,6,8
1004,15,7
1005,16,14
1006,14,16
1007,21,14
1008,16,22
1009,7,14
1010,2,5
1011,2,3
1012,4,2
1013,2,3
1014,5,2
1015,14,3
1016,14,9
1017,13,12
1018,11,12
1019,12,12
1020,12,12
1021,19,11
1022,23,19
1023,28,25
1024,24,31
1025,19,21
1026,20,17
1027,9,18
1028,24,6
1029,26,19
1030,25,28
1031,26,25
1032,15,26
1033,18,10
1034,15,15
1035,15,13
1036,9,13
1037,8,8
1038,6,8
1039,10,7
1040,12,10
1041,7,12
1042,4,7
1043,14,5
1044,10,12
1045,9,9
1046,12,9
1047,10,11
1048,15,10
1049,11,14
1050,6,10
1051,4,7
1052,7,5
1053,15,7
1054,20,12
1055,4,20
1056,3,4
1057,7,3
1058,9,5
1059,17,7
1060,8,13
1061,6,7
1062,9,6
1063,12,8
1064,18,11
1065,21,17
1066,26,22
1067,28,29
1068,31,29
1069,26,33
1070,22,22
1071,18,20
1072,30,15
1073,23,34
1074,26,18
1075,28,27
1076,24,29
1077,26,21
1078,23,27
1079,24,21
1080,14,24
1081,13,10
1082,12,10
1083,12,10
1084,6,11
1085,8,7
1086,11,8
1087,7,11
1088,5,8
1089,6,6
1090,7,7
1091,9,7
1092,13,9
1093,16,11
1094,18,15
1095,18,19
1096,19,18
1097,12,20
1098,7,9
1099,6,6
1100,4,6
1101,3,5
1102,5,4
1103,5,5
1104,14,5
1105,8,11
1106,7,8
1107,19,7
1108,21,16
1109,23,23
1110,25,25
1111,35,26
1112,24,38
1113,25,18
1114,25,25
1115,20,24
1116,30,18
1117,27,34
1118,12,24
1119,12,6
1120,19,8
1121,16,15
1122,19,14
1123,23,19
1124,11,25
1125,10,7
1126,11,8
1127,11,9
1128,6,10
1129,5,7
1130,15,6
1131,24,12
1132,22,24
1133,24,23
1134,23,25
1135,14,22
1136,9,10
1137,2,7
1138,8,3
1139,7,5
1140,12,6
1141,16,10
1142,22,15
1143,19,24
1144,30,19
1145,34,35
1146,34,34
1147,23,34
1148,23,17
1149,18,22
1150,19,16
1151,27,18
1152,26,30
1153,27,26
1154,30,28
1155,26,32
1156,25,23
1157,10,24
1158,9,5
1159,12,5
1160,8,8
1161,8,7
1162,10,7
1163,11,9
1164,6,10
1165,3,7
1166,8,4
1167,16,7
1168,6,12
1169,7,6
1170,18,7
1171,19,14
1172,10,19
1173,9,8
1174,12,9
1175,23,10
1176,12,23
1177,4,8
1178,3,4
1179,6,4
1180,13,5
1181,18,9
1182,16,15
1183,16,16
1184,5,16
1185,4,5
1186,4,5
1187,5,4
1188,10,4
1189,5,8
1190,18,6
1191,20,13
1192,16,20
1193,62,16
1194,55,38
1195,10,38
1196,11,1
1197,7,4
1198,19,4
1199,20,11
1200,22,18
1201,21,23
1202,20,21
1203,18,19
1204,10,16
1205,7,7
1206,7,6
1207,1,7
1208,10,3
1209,9,7
1210,16,8
1211,13,14
1212,18,12
1213,21,18
1214,26,23
1215,32,29
1216,29,35
1217,32,26
1218,28,34
1219,16,25
1220,13,11
1221,19,9
1222,24,17
1223,27,26
1224,29,30
1225,27,30
1226,25,25
1227,19,24
1228,19,16
1229,17,17
1230,15,15
1231,11,13
1232,9,10
1233,5,9
1234,9,6
1235,8,9
1236,9,8
1237,16,9
1238,18,15
1239,19,19
1240,20,20
1241,17,21
1242,23,15
1243,18,24
1244,10,17
1245,15,7
1246,13,12
1247,13,11
1248,19,12
1249,16,19
1250,22,16
1251,21,24
1252,20,22
1253,22,19
1254,29,22
1255,25,33
1256,15,22
1257,10,10
1258,11,6
1259,14,9
1260,34,12
1261,15,37
1262,26,6
1263,29,23
1264,32,31
1265,23,33
1266,25,18
1267,28,25
1268,24,30
1269,25,21
1270,19,25
1271,14,17
1272,8,11
1273,11,6
1274,15,9
1275,17,13
1276,24,17
1277,14,27
1278,15,10
1279,21,12
1280,17,21
1281,9,15
1282,13,6
1283,11,11
1284,13,10
1285,24,12
1286,25,26
1287,28,27
1288,26,30
1289,32,24
1290,37,35
1291,26,38
1292,25,21
1293,21,25
1294,21,19
1295,31,20
1296,30,36
1297,33,28
1298,31,35
1299,32,30
1300,23,33
1301,22,18
1302,33,21
1303,32,38
1304,27,30
1305,24,25
1306,14,22
1307,2,9
1308,2,2
1309,2,2
1310,2,1
1311,17,1
1312,27,7
1313,3,23
1314,3,1
1315,7,1
1316,10,3
1317,11,6
1318,18,8
1319,19,15
1320,28,18
1321,21,33
1322,23,17
1323,34,23
1324,21,38
1325,28,13
1326,25,30
1327,32,23
1328,15,36
1329,7,6
1330,8,3
1331,12,5
1332,16,8
1333,24,13
1334,19,26
1335,22,18
1336,15,22
1337,16,12
1338,5,13
1339,15,4
1340,6,11
1341,9,5
1342,10,8
1343,12,9
1344,15,11
1345,15,14
1346,25,15
1347,17,28
1348,20,14
1349,13,19
1350,21,10
1351,21,20
1352,23,22
1353,28,24
1354,31,31
1355,33,32
1356,30,34
1357,28,28
1358,18,27
1359,33,13
1360,28,36
1361,27,24
1362,28,27
1363,20,29
1364,21,16
1365,23,20
1366,20,23
1367,18,19
1368,15,16
1369,21,13
1370,14,21
1371,7,12
1372,12,6
1373,14,10
1374,9,13
1375,20,9
1376,9,19
1377,7,8
1378,12,7
1379,16,10
1380,17,14
1381,13,17
1382,21,12
1383,9,22
1384,11,7
1385,5,9
1386,9,5
1387,17,8
1388,10,14
1389,9,9
1390,16,9
1391,20,15
1392,24,21
1393,23,27
1394,31,23
1395,32,35
1396,34,31
1397,29,35
1398,28,26
1399,22,28
1400,28,19
1401,32,30
1402,23,34
1403,20,18
1404,18,18
1405,20,16
1406,19,20
1407,9,19
1408,6,6
1409,6,5
1410,5,6
1411,5,5
1412,5,5
1413,5,5
1414,22,5
1415,16,15
1416,5,15
1417,8,5
1418,8,7
1419,12,7
1420,18,11
1421,21,17
1422,17,23
1423,8,16
1424,12,6
1425,21,9
1426,14,19
1427,15,12
1428,11,13
1429,13,10
1430,19,13
1431,16,19
1432,16,16
1433,13,15
1434,17,12
1435,12,17
1436,18,11
1437,21,18
1438,24,22
1439,22,27
1440,27,22
1441,34,29
1442,39,37
1443,31,38
1444,32,28
1445,30,33
1446,30,28
1447,30,30
1448,27,30
1449,19,25
1450,25,15
1451,25,26
1452,20,25
1453,20,18
1454,22,19
1455,20,22
1456,16,19
1457,9,14
1458,11,7
1459,11,10
1460,7,10
1461,5,7
1462,6,6
1463,20,7
1464,10,16
1465,7,9
1466,19,7
1467,18,16
1468,22,18
1469,22,24
1470,16,23
1471,14,13
1472,6,11
1473,6,6
1474,7,6
1475,3,7
1476,6,4
1477,11,6
1478,6,9
1479,14,7
1480,31,12
1481,88,33
1482,36,38
1483,25,35
1484,18,21
1485,11,15
1486,9,7
1487,3,7
1488,2,4
1489,1,3
1490,2,2
1491,1,2
1492,4,1
1493,5,2
1494,3,4
1495,6,4
1496,7,7
1497,30,8
1498,31,27
1499,35,32
1500,31,37
1501,8,29
1502,3,2
1503,7,1
1504,4,2
1505,10,2
1506,4,4
1507,1,3
1508,6,1
1509,1,3
1510,1,1
1511,10,1
1512,7,4
1513,10,5
1514,4,7
1515,2,3
1516,1,3
1517,1,0
1518,1,0
1519,1,0
1520,1,0
1521,1,0
1522,1,0
1523,1,0
1524,1,0
1525,1,0
1526,1,0
1527,1,0
1528,5,0
1529,2,2
1530,2,1
1531,1,1
1532,1,0
1533,1,0
1534,1,0
1535,1,0
1536,1,0
1537,1,0
1538,76,0
1539,32,11
1540,3,32
1541,2,0
1542,2,0
1543,2,0
1544,2,0
1545,2,0
1546,2,0
1547,2,0
1548,2,0
1549,2,0
1550,2,0
1551,2,0
1552,2,0
1553,2,0
1554,2,0
1555,2,0
1556,1,0
1557,2,0
1558,2,0
1559,20,0
1560,26,5
1561,19,23
1562,23,18
1563,19,23
1564,17,18
1565,16,15
1566,14,14
1567,13,12
1568,11,11
1569,1,11
1570,24,3
1571,8,14
1572,4,6
1573,7,5
1574,11,6
1575,11,9
1576,12,10
1577,13,11
1578,9,13
1579,6,9
1580,8,6
1581,11,8
1582,12,10
1583,8,11
1584,7,8
1585,8,8
1586,13,8
1587,12,11
1588,10,11
1589,11,10
1590,7,11
1591,6,8
1592,7,7
1593,11,7
1594,11,10
1595,10,11
1596,11,10
1597,14,11
1598,10,13
1599,14,10
1600,13,13
1601,24,12
1602,25,26
1603,20,27
1604,8,18
1605,4,4
1606,5,3
1607,10,4
1608,6,7
1609,5,5
1610,5,5
1611,4,5
1612,4,5
1613,3,4
1614,7,3
1615,5,5
1616,3,5
1617,3,4
1618,3,3
1619,3,3
1620,3,3
1621,47,2
1622,59,21
1623,14,36
1624,17,8
1625,9,14
1626,21,7
1627,16,17
1628,15,15
1629,7,14
1630,7,6
1631,4,7
1632,5,5
1633,11,5
1634,14,9
1635,10,12
1636,11,10
1637,13,11
1638,17,12
1639,14,17
1640,22,13
1641,26,24
1642,29,29
1643,31,31
1644,20,32
1645,19,14
1646,15,16
1647,19,12
1648,29,18
1649,27,34
1650,23,25
1651,24,21
1652,22,24
1653,21,21
1654,17,20
1655,13,15
1656,10,11
1657,7,8
1658,15,7
1659,17,13
1660,14,17
1661,15,14
1662,12,15
1663,13,12
1664,20,13
1665,9,21
1666,6,7
1667,7,6
1668,9,7
1669,10,8
1670,9,9
1671,20,9
1672,19,18
1673,22,20
1674,24,24
1675,24,25
1676,28,24
1677,33,30
1678,22,35
1679,19,15
1680,12,16
1681,31,9
1682,33,31
1683,26,34
1684,25,22
1685,24,25
1686,24,23
1687,16,24
1688,20,12
1689,12,19
1690,9,9
1691,10,8
1692,11,9
1693,8,10
1694,12,8
1695,18,11
1696,15,17
1697,19,15
1698,17,20
1699,12,16
1700,4,10
1701,2,5
1702,3,3
1703,9,3
1704,6,6
1705,15,6
1706,14,12
1707,21,13
1708,25,23
1709,27,28
1710,38,28
1711,23,38
1712,23,16
1713,22,22
1714,24,21
1715,31,25
1716,9,35
1717,26,1
1718,30,13
1719,13,33
1720,56,5
1721,35,38
1722,21,34
1723,24,15
1724,22,23
1725,19,21
1726,17,17
1727,12,16
1728,11,10
1729,8,10
1730,8,8
1731,12,9
1732,12,12
1733,18,12
1734,21,19
1735,14,23
1736,19,11
1737,22,18
1738,6,24
1739,5,3
1740,4,4
1741,2,3
1742,8,2
1743,7,5
1744,13,5
1745,16,10
1746,17,14
1747,26,17
1748,26,29
1749,36,26
1750,26,38
1751,23,21
1752,23,21
1753,19,23
1754,26,18
1755,11,28
1756,16,6
1757,25,10
1758,36,25
1759,24,38
1760,20,18
1761,17,17
1762,21,15
1763,18,21
1764,1,16
1765,39,2
1766,10,14
1767,1,6
1768,1,1
1769,1,1
1770,1,0
1771,113,1
1772,1,15
1773,1,1
1774,14,0
1775,7,3
1776,8,4
1777,13,5
1778,25,9
1779,16,24
1780,1,14
1781,54,1
1782,42,17
1783,32,36
1784,28,30
1785,28,27
1786,36,28
1787,33,36
1788,14,32
1789,17,8
1790,29,13
1791,14,32
1792,30,7
1793,18,28
1794,6,12
1795,34,3
1796,20,22
1797,16,17
1798,9,12
1799,6,7
1800,9,6
1801,12,8
1802,14,11
1803,17,14
1804,18,17
1805,20,18
1806,19,21
1807,24,18
1808,5,26
1809,1,2
1810,6,1
1811,5,2
1812,11,3
1813,19,6
1814,27,13
1815,25,28
1816,1,25
1817,86,0
1818,25,14
1819,20,23
1820,22,19
1821,20,22
1822,28,20
1823,23,31
1824,1,21
1825,69,0
1826,19,12
1827,20,16
1828,25,19
1829,13,27
1830,6,9
1831,18,4
1832,15,13
1833,1,13
1834,1,2
1835,58,1
1836,9,16
1837,20,6
1838,21,14
1839,23,21
1840,8,24
1841,3,4
1842,8,3
1843,13,5
1844,17,9
1845,18,14
1846,10,18
1847,12,8
1848,17,11
1849,4,16
1850,3,5
1851,9,3
1852,18,6
1853,13,13
1854,22,12
1855,18,22
1856,21,18
1857,26,22
1858,26,28
1859,28,26
1860,16,29
1861,16,10
1862,22,13
1863,15,21
1864,26,12
1865,23,28
1866,24,22
1867,24,24
1868,24,24
1869,18,24
1870,24,15
1871,17,25
1872,11,15
1873,13,7
1874,16,11
1875,7,14
1876,10,6
1877,13,10
1878,13,12
1879,15,13
1880,18,15
1881,13,18
1882,7,12
1883,4,7
1884,4,5
1885,11,5
1886,12,9
1887,18,11
1888,18,17
1889,18,19
1890,16,18
1891,76,15
1892,41,38
1893,27,38
1894,20,22
1895,19,17
1896,17,17
1897,19,15
1898,22,18
1899,7,24
1900,8,5
1901,17,6
1902,23,12
1903,15,23
1904,14,13
1905,16,12
1906,20,15
1907,18,21
1908,15,17
1909,13,13
1910,19,11
1911,24,19
1912,11,27
1913,7,6
1914,8,5
1915,12,7
1916,17,10
1917,13,15
1918,13,12
1919,19,12
1920,17,19
1921,14,17
1922,20,13
1923,16,20
1924,13,14
1925,11,11
1926,19,10
1927,7,18
1928,11,6
1929,11,10
1930,8,10
1931,8,8
1932,16,8
1933,17,14
1934,29,17
1935,22,35
1936,22,17
1937,22,21
1938,13,22
1939,27,9
1940,19,26
1941,23,16
1942,23,23
1943,20,23
1944,27,19
1945,21,29
1946,19,18
1947,20,17
1948,17,20
1949,13,16
1950,8,11
1951,9,7
1952,18,9
1953,15,16
1954,13,15
1955,16,12
1956,13,16
1957,11,13
1958,13,11
1959,14,13
1960,6,14
1961,2,7
1962,10,4
1963,13,8
1964,1,11
1965,30,3
1966,10,18
1967,8,6
1968,14,6
1969,14,11
1970,11,13
1971,15,10
1972,16,14
1973,20,15
1974,27,22
1975,24,32
1976,26,22
1977,23,27
1978,15,21
1979,5,11
1980,16,4
1981,17,10
1982,16,14
1983,13,15
1984,17,12
1985,25,16
1986,24,29
1987,15,24
1988,7,11
1989,8,5
1990,16,6
1991,18,12
1992,16,17
1993,18,16
1994,18,18
1995,17,18
1996,14,16
1997,11,13
1998,7,10
1999,9,8
2000,8,9
2001,13,9
2002,11,12
2003,22,11
2004,22,23
2005,21,24
2006,24,21
2007,27,25
2008,28,29
2009,26,28
2010,10,25
2011,5,4
2012,9,3
2013,20,5
2014,9,14
2015,8,7
2016,16,8
2017,20,13
2018,24,20
2019,22,27
2020,26,22
2021,20,27
2022,20,17
2023,16,18
2024,20,14
2025,10,19
2026,4,7
2027,9,5
2028,10,8
2029,8,9
2030,8,8
2031,13,8
2032,15,12
2033,14,15
2034,11,14
2035,18,11
2036,4,17
2037,6,4
2038,10,5
2039,4,8
2040,13,5
2041,15,10
2042,15,13
2043,20,14
2044,21,21
2045,23,22
2046,25,24
2047,29,26
2048,22,32
2049,23,18
2050,14,22
2051,17,10
2052,24,15
2053,21,25
2054,21,21
2055,18,20
2056,19,17
2057,24,18
2058,21,26
2059,9,20
2060,8,5
2061,7,6
2062,7,6
2063,10,7
2064,11,9
2065,13,10
2066,8,12
2067,7,8
2068,15,7
2069,11,13
2070,19,10
2071,21,18
2072,16,23
2073,7,14
2074,12,6
2075,11,9
2076,11,9
2077,13,10
2078,15,12
2079,12,15
2080,19,12
2081,11,19
2082,16,9
2083,17,15
2084,10,17
2085,9,9
2086,7,9
2087,9,8
2088,9,9
2089,7,9
2090,15,8
2091,13,13
2092,18,12
2093,17,18
2094,17,17
2095,13,17
2096,5,11
2097,6,6
2098,1,6
2099,13,3
2100,8,8
2101,6,7
2102,6,7
2103,13,7
2104,15,11
2105,14,15
2106,14,14
2107,19,14
2108,21,19
2109,24,23
2110,22,26
2111,13,21
2112,16,9
2113,26,13
2114,23,28
2115,19,22
2116,24,17
2117,15,25
2118,15,11
2119,25,13
2120,25,26
2121,21,26
2122,21,19
2123,18,21
2124,17,16
2125,9,16
2126,7,7
2127,4,7
2128,7,5
2129,26,7
2130,7,21
2131,5,5
2132,12,5
2133,11,9
2134,6,9
2135,8,6
2136,17,8
2137,15,14
2138,12,15
2139,7,11
2140,8,7
2141,11,8
2142,13,10
2143,7,12
2144,8,7
2145,5,8
2146,11,6
2147,8,10
2148,8,8
2149,11,8
2150,15,10
2151,21,14
2152,5,23
2153,8,3
2154,10,5
2155,12,7
2156,11,9
2157,8,9
2158,6,8
2159,6,7
2160,5,7
2161,4,6
2162,7,5
2163,9,6
2164,15,8
2165,19,13
2166,16,19
2167,20,15
2168,24,21
2169,30,27
2170,33,34
2171,17,33
2172,16,9
2173,19,12
2174,24,17
2175,28,26
2176,26,31
2177,24,25
2178,21,23
2179,23,20
2180,22,23
2181,20,22
2182,17,19
2183,19,15
2184,8,18
2185,7,6
2186,8,6
2187,9,8
2188,8,9
2189,10,8
2190,7,10
2191,7,7
2192,8,8
2193,11,8
2194,16,10
2195,22,15
2196,11,24
2197,6,8
2198,8,5
2199,9,7
2200,8,7
2201,13,7
2202,14,11
2203,14,13
2204,11,14
2205,14,10
2206,12,13
2207,5,11
2208,3,6
2209,6,4
2210,7,7
2211,9,7
2212,77,9
2213,34,36
2214,10,34
2215,18,3
2216,17,10
2217,18,14
2218,16,16
2219,19,15
2220,11,19
2221,14,9
2222,9,13
2223,6,8
2224,9,7
2225,10,9
2226,11,10
2227,12,11
2228,18,12
2229,13,18
2230,15,12
2231,24,14
2232,13,27
2233,13,9
2234,11,10
2235,14,9
2236,23,13
2237,19,24
2238,26,18
2239,20,29
2240,13,17
2241,19,9
2242,28,16
2243,24,32
2244,19,21
2245,21,17
2246,17,20
2247,14,15
2248,18,12
2249,14,17
2250,14,13
2251,8,13
2252,16,8
2253,11,15
2254,12,11
2255,14,12
2256,11,14
2257,17,11
2258,17,17
2259,17,17
2260,15,17
2261,19,15
2262,10,19
2263,11,8
2264,7,10
2265,16,7
2266,13,14
2267,16,12
2268,8,16
2269,14,8
2270,4,13
2271,11,5
2272,7,9
2273,12,6
2274,14,11
2275,9,13
2276,8,9
2277,24,8
2278,13,20
2279,14,11
2280,19,13
2281,21,19
2282,24,24
2283,27,26
2284,26,28
2285,22,25
2286,19,20
2287,18,17
2288,24,16
2289,25,26
2290,18,26
2291,19,16
2292,20,17
2293,22,20
2294,17,23
2295,9,15
2296,13,6
2297,10,11
2298,14,9
2299,9,13
2300,5,9
2301,9,6
2302,9,9
2303,7,9
2304,8,7
2305,14,8
2306,10,13
2307,12,10
2308,10,11
2309,5,10
2310,10,6
2311,11,9
2312,9,10
2313,10,9
2314,15,10
2315,13,14
2316,16,13
2317,17,16
2318,10,17
2319,15,9
2320,11,14
2321,15,10
2322,19,14
2323,29,20
2324,19,35
2325,19,13
2326,26,17
2327,20,28
2328,19,17
2329,23,17
2330,27,23
2331,26,30
2332,21,25
2333,16,19
2334,15,13
2335,14,13
2336,13,12
2337,13,12
2338,9,12
2339,10,9
2340,23,11
2341,8,23
2342,5,6
2343,9,5
2344,17,8
2345,16,14
2346,19,16
2347,16,19
2348,9,15
2349,10,8
2350,9,9
2351,6,9
2352,3,7
2353,11,4
2354,6,9
2355,7,7
2356,7,7
2357,10,7
2358,18,9
2359,15,16
2360,21,15
2361,29,23
2362,27,34
2363,21,24
2364,23,18
2365,23,22
2366,25,24
2367,25,26
2368,19,25
2369,16,17
2370,15,13
2371,11,13
2372,10,8
2373,15,9
2374,22,14
2375,11,24
2376,8,8
2377,12,7
2378,11,10
2379,11,10
2380,11,10
2381,9,10
2382,8,9
2383,8,9
2384,8,8
2385,11,8
2386,9,10
2387,14,9
2388,17,13
2389,18,17
2390,30,19
2391,32,36
2392,25,31
2393,18,21
2394,24,14
2395,24,24
2396,27,25
2397,25,29
2398,28,24
2399,25,30
2400,19,23
2401,15,16
2402,17,12
2403,12,15
2404,6,10
2405,6,6
2406,8,7
2407,12,8
2408,8,11
2409,10,8
2410,12,10
2411,15,11
2412,16,14
2413,16,16
2414,6,16
2415,8,6
2416,5,8
2417,11,6
2418,14,9
2419,19,12
2420,24,19
2421,16,27
2422,20,13
2423,29,19
2424,27,33
2425,24,25
2426,20,22
2427,32,18
2428,24,37
2429,21,18
2430,17,19
2431,17,15
2432,24,15
2433,13,25
2434,7,9
2435,7,6
2436,14,7
2437,8,11
2438,12,8
2439,15,11
2440,15,14
2441,16,15
2442,7,16
2443,4,6
2444,5,5
2445,11,5
2446,9,9
2447,15,8
2448,20,13
2449,21,21
2450,19,22
2451,28,18
2452,31,32
2453,23,32
2454,24,18
2455,26,23
2456,23,27
2457,19,22
2458,17,17
2459,17,15
2460,17,16
2461,13,16
2462,7,11
2463,6,6
2464,12,7
2465,7,11
2466,8,8
2467,19,8
2468,17,16
2469,14,17
2470,13,13
2471,8,12
2472,11,8
2473,6,11
2474,1,7
2475,7,3
2476,11,6
2477,15,9
2478,8,13
2479,8,8
2480,18,8
2481,17,16
2482,8,17
2483,7,8
2484,12,7
2485,18,10
2486,97,17
2487,7,38
2488,10,0
2489,16,2
2490,13,8
2491,21,9
2492,8,19
2493,11,5
2494,11,8
2495,14,9
2496,3,12
2497,20,4
2498,20,14
2499,20,19
2500,19,20
2501,22,19
2502,30,23
2503,32,35
2504,28,32
2505,22,25
2506,13,19
2507,17,9
2508,26,14
2509,19,28
2510,21,16
2511,15,20
2512,19,12
2513,14,18
2514,12,12
2515,10,10
2516,6,10
2517,22,7
2518,8,19
2519,5,7
2520,6,5
2521,3,6
2522,13,4
2523,16,9
2524,14,14
2525,17,13
2526,17,17
2527,8,17
2528,8,7
2529,14,8
2530,13,12
2531,5,12
2532,3,6
2533,8,4
2534,11,7
2535,26,10
2536,16,24
2537,14,14
2538,15,12
2539,11,14
2540,13,11
2541,13,12
2542,16,12
2543,8,16
2544,5,8
2545,9,6
2546,11,9
2547,15,10
2548,22,14
2549,12,24
2550,9,9
2551,15,7
2552,19,13
2553,15,19
2554,9,13
2555,16,8
2556,5,14
2557,3,5
2558,2,4
2559,4,3
2560,7,4
2561,5,6
2562,4,5
2563,14,5
2564,10,10
2565,17,10
2566,14,17
2567,16,14
2568,17,15
2569,21,16
2570,21,22
2571,11,21
2572,22,7
2573,22,19
2574,25,23
2575,23,27
2576,13,22
2577,14,8
2578,28,11
2579,19,29
2580,26,15
2581,24,27
2582,13,23
2583,19,8
2584,7,16
2585,6,5
2586,10,5
2587,14,8
2588,15,11
2589,6,14
2590,4,6
2591,14,5
2592,24,11
2593,11,23
2594,12,8
2595,11,9
2596,11,10
2597,14,10
2598,14,13
2599,14,14
2600,17,13
2601,12,18
2602,16,10
2603,23,15
2604,21,25
2605,31,22
2606,28,36
2607,29,25
2608,22,30
2609,16,18
2610,12,12
2611,14,9
2612,36,11
2613,23,38
2614,24,16
2615,23,24
2616,20,23
2617,23,18
2618,22,23
2619,19,22
2620,17,17
2621,12,16
2622,15,10
2623,14,14
2624,5,13
2625,8,6
2626,6,8
2627,12,7
2628,18,11
2629,8,17
2630,9,7
2631,9,9
2632,19,9
2633,23,17
2634,21,25
2635,21,21
2636,16,20
2637,13,13
2638,6,10
2639,4,6
2640,5,5
2641,3,5
2642,8,4
2643,13,7
2644,17,11
2645,12,16
2646,20,11
2647,23,19
2648,22,26
2649,24,22
2650,30,25
2651,25,33
2652,21,21
2653,14,19
2654,9,10
2655,5,7
2656,14,5
2657,22,11
2658,25,21
2659,19,28
2660,21,17
2661,16,20
2662,10,14
2663,12,8
2664,6,10
2665,4,6
2666,6,5
2667,3,7
2668,8,4
2669,4,7
2670,7,5
2671,8,7
2672,10,8
2673,3,10
2674,3,4
2675,3,4
2676,4,3
2677,6,3
2678,14,5
2679,16,10
2680,15,14
2681,10,16
2682,7,9
2683,6,8
2684,8,7
2685,8,7
2686,5,7
2687,5,6
2688,18,5
2689,13,13
2690,10,12
2691,8,9
2692,7,8
2693,7,7
2694,13,8
2695,17,11
2696,11,16
2697,16,10
2698,12,16
2699,11,11
2700,4,10
2701,10,5
2702,17,9
2703,24,15
2704,23,27
2705,23,24
2706,23,23
2707,21,23
2708,31,20
2709,29,36
2710,30,26
2711,16,31
2712,12,9
2713,18,8
2714,37,14
2715,23,38
2716,22,16
2717,29,21
2718,22,32
2719,20,18
2720,14,18
2721,20,11
2722,13,19
2723,9,11
2724,9,8
2725,4,9
2726,7,5
2727,4,7
2728,7,5
2729,5,7
2730,11,6
2731,5,10
2732,10,6
2733,14,9
2734,17,12
2735,21,16
2736,19,23
2737,18,18
2738,18,17
2739,13,17
2740,6,11
2741,4,6
2742,6,5
2743,13,6
2744,17,11
2745,18,16
2746,14,19
2747,21,13
2748,20,22
2749,21,20
2750,39,22
2751,73,38
2752,12,38
2753,5,3
2754,5,2
2755,14,2
2756,19,6
2757,24,14
2758,29,25
2759,28,32
2760,28,27
2761,25,29
2762,23,23
2763,12,22
2764,6,8
2765,2,4
2766,3,2
2767,3,3
2768,9,3
2769,9,6
2770,13,8
2771,16,11
2772,22,15
2773,20,25
2774,16,20
2775,23,13
2776,20,23
2777,9,19
2778,5,5
2779,8,4
2780,6,6
2781,22,6
2782,6,16
2783,9,5
2784,15,7
2785,21,12
2786,25,21
2787,22,28
2788,19,21
2789,17,16
2790,18,15
2791,12,17
2792,7,9
2793,28,7
2794,8,24
2795,16,5
2796,18,11
2797,17,16
2798,17,16
2799,19,17
2800,16,19
2801,16,16
2802,17,15
2803,10,16
2804,6,9
2805,5,7
2806,9,6
2807,10,9
2808,6,10
2809,14,7
2810,15,12
2811,15,15
2812,13,15
2813,15,12
2814,16,15
2815,12,16
2816,6,11
2817,6,6
2818,5,7
2819,5,6
2820,8,6
2821,8,8
2822,14,8
2823,18,12
2824,14,18
2825,18,13
2826,17,18
2827,19,17
2828,26,19
2829,30,30
2830,19,33
2831,21,13
2832,25,19
2833,18,26
2834,13,15
2835,28,10
2836,20,29
2837,23,17
2838,21,23
2839,17,20
2840,16,15
2841,13,14
2842,13,11
2843,13,11
2844,15,12
2845,10,15
2846,9,9
2847,12,9
2848,10,12
2849,11,10
2850,19,11
2851,4,20
2852,7,4
2853,8,5
2854,9,7
2855,16,8
2856,19,13
2857,9,19
2858,17,7
2859,6,15
2860,9,5
2861,3,8
2862,14,4
2863,9,10
2864,10,8
2865,18,9
2866,24,16
2867,22,27
2868,18,22
2869,24,16
2870,21,25
2871,25,19
2872,14,26
2873,6,9
2874,15,4
2875,16,11
2876,16,14
2877,18,16
2878,17,18
2879,19,17
2880,14,20
2881,26,12
2882,28,28
2883,15,30
2884,16,8
2885,13,12
2886,11,10
2887,11,9
2888,10,10
2889,18,10
2890,17,17
2891,15,18
2892,11,14
2893,12,10
2894,17,11
2895,6,16
2896,6,6
2897,4,6
2898,11,5
2899,11,9
2900,13,10
2901,16,12
2902,19,15
2903,22,20
2904,27,24
2905,26,30
2906,20,25
2907,19,17
2908,17,17
2909,11,15
2910,12,9
2911,14,10
2912,4,13
2913,5,5
2914,7,6
2915,7,7
2916,6,7
2917,4,7
2918,10,5
2919,4,9
2920,12,5
2921,15,10
2922,2,13
2923,9,3
2924,23,7
2925,13,17
2926,6,11
2927,2,6
2928,34,3
2929,19,19
2930,20,17
2931,20,20
2932,19,20
2933,22,18
2934,27,23
2935,21,29
2936,18,18
2937,23,16
2938,24,23
2939,19,25
2940,16,17
2941,30,14
2942,23,34
2943,24,19
2944,20,24
2945,21,18
2946,18,20
2947,18,16
2948,13,18
2949,11,11
2950,8,10
2951,7,8
2952,10,8
2953,5,10
2954,4,6
2955,17,5
2956,21,13
2957,19,21
2958,16,19
2959,23,15
2960,18,24
2961,9,16
2962,4,6
2963,6,4
2964,5,5
2965,11,5
2966,11,9
2967,14,10
2968,11,13
2969,15,11
2970,15,14
2971,20,15
2972,21,20
2973,13,22
2974,7,10
2975,18,6
2976,11,14
2977,8,10
2978,14,8
2979,11,12
2980,6,11
2981,7,7
2982,16,8
2983,6,14
2984,14,6
2985,13,12
2986,10,12
2987,11,9
2988,11,11
2989,12,12
2990,25,11
2991,9,26
2992,10,5
2993,8,7
2994,14,6
2995,20,11
2996,27,19
2997,26,31
2998,25,25
2999,21,24
3000,10,19
3001,6,6
3002,6,4
3003,5,5
3004,9,5
3005,10,7
3006,12,9
3007,9,11
3008,17,9
3009,22,15
3010,21,24
3011,18,22
3012,17,16
3013,20,15
3014,14,20
3015,12,11
3016,7,10
3017,9,7
3018,16,9
3019,20,15
3020,39,21
3021,18,38
3022,11,10
3023,10,6
3024,16,7
3025,20,12
3026,19,19
3027,15,19
3028,11,13
3029,7,9
3030,10,7
3031,10,10
3032,16,10
3033,9,15
3034,7,9
3035,7,8
3036,17,8
3037,24,14
3038,19,26
3039,20,19
3040,19,20
3041,18,17
3042,20,17
3043,90,20
3044,22,38
3045,1,15
3046,8,0
3047,15,1
3048,13,6
3049,12,8
3050,14,9
3051,12,12
3052,11,11
3053,13,10
3054,12,13
3055,15,11
3056,17,14
3057,17,17
3058,18,17
3059,23,18
3060,18,26
3061,14,16
3062,22,11
3063,4,22
3064,6,3
3065,6,4
3066,11,4
3067,12,7
3068,10,10
3069,9,9
3070,7,8
3071,17,7
3072,17,14
3073,20,17
3074,9,21
3075,10,6
3076,14,8
3077,11,12
3078,15,10
3079,13,14
3080,10,12
3081,11,10
3082,12,11
3083,21,12
3084,16,22
3085,16,15
3086,13,15
3087,12,12
3088,12,11
3089,10,11
3090,16,10
3091,21,15
3092,21,23
3093,21,23
3094,32,21
3095,39,37
3096,31,38
3097,27,28
3098,22,25
3099,18,19
3100,19,15
3101,16,18
3102,10,14
3103,9,8
3104,13,8
3105,18,12
3106,9,18
3107,7,8
3108,12,7
3109,10,11
3110,9,10
3111,14,9
3112,8,13
3113,6,8
3114,11,7
3115,15,10
3116,10,14
3117,6,10
3118,28,7
3119,12,23
3120,8,9
3121,13,6
3122,19,11
3123,24,17
3124,28,27
3125,21,31
3126,18,17
3127,12,16
3128,22,9
3129,18,20
3130,20,16
3131,25,20
3132,23,28
3133,23,23
3134,18,23
3135,14,15
3136,17,11
3137,17,15
3138,13,16
3139,19,12
3140,22,19
3141,14,24
3142,12,11
3143,9,10
3144,15,8
3145,9,14
3146,8,9
3147,14,8
3148,22,13
3149,25,24
3150,28,28
3151,27,30
3152,31,26
3153,24,33
3154,22,20
3155,11,20
3156,7,7
3157,3,5
3158,6,4
3159,4,5
3160,6,4
3161,6,6
3162,7,6
3163,16,7
3164,20,12
3165,17,20
3166,16,17
3167,14,15
3168,16,13
3169,23,15
3170,20,25
3171,13,20
3172,15,9
3173,7,13
3174,6,6
3175,5,6
3176,15,6
3177,22,12
3178,21,22
3179,20,22
3180,10,20
3181,10,6
3182,9,8
3183,4,7
3184,7,5
3185,9,7
3186,4,8
3187,12,5
3188,12,10
3189,17,11
3190,21,16
3191,23,23
3192,26,25
3193,33,27
3194,30,37
3195,19,27
3196,19,13
3197,10,17
3198,14,6
3199,10,11
3200,4,8
3201,5,5
3202,12,6
3203,5,10
3204,4,6
3205,11,5
3206,21,9
3207,21,19
3208,20,22
3209,17,21
3210,13,15
3211,7,10
3212,1,6
3213,6,2
3214,7,5
3215,10,6
3216,8,9
3217,12,8
3218,25,11
3219,6,25
3220,18,4
3221,38,12
3222,25,38
3223,27,19
3224,21,28
3225,25,18
3226,23,26
3227,9,22
3228,9,5
3229,19,6
3230,20,14
3231,23,20
3232,19,25
3233,22,17
3234,26,23
3235,30,28
3236,22,33
3237,23,17
3238,20,22
3239,13,19
3240,9,10
3241,14,6
3242,10,11
3243,16,9
3244,13,15
3245,7,13
3246,9,7
3247,18,9
3248,28,17
3249,26,33
3250,26,24
3251,23,26
3252,16,21
3253,9,12
3254,4,6
3255,3,4
3256,3,3
3257,5,3
3258,5,4
3259,9,5
3260,4,7
3261,11,5
3262,10,9
3263,12,10
3264,16,12
3265,17,15
3266,13,17
3267,16,12
3268,20,15
3269,19,21
3270,16,18
3271,16,15
3272,18,15
3273,9,18
3274,4,8
3275,4,5
3276,5,5
3277,7,6
3278,4,7
3279,10,5
3280,8,9
3281,15,8
3282,17,13
3283,32,17
3284,20,38
3285,20,13
3286,12,17
3287,9,8
3288,12,7
3289,8,10
3290,14,8
3291,17,13
3292,14,17
3293,14,14
3294,18,14
3295,11,18
3296,14,9
3297,10,13
3298,2,9
3299,11,4
3300,2,9
3301,3,3
3302,10,3
3303,5,7
3304,8,5
3305,6,7
3306,17,6
3307,11,13
3308,28,11
3309,31,29
3310,18,34
3311,22,11
3312,23,20
3313,18,23
3314,17,16
3315,10,15
3316,6,7
3317,4,6
3318,3,5
3319,3,4
3320,6,4
3321,10,5
3322,11,9
3323,8,10
3324,8,8
3325,14,9
3326,18,13
3327,22,19
3328,19,24
3329,17,18
3330,17,15
3331,17,16
3332,5,17
3333,7,4
3334,14,6
3335,17,10
3336,5,16
3337,8,5
3338,23,7
3339,19,18
3340,14,19
3341,14,12
3342,13,12
3343,6,12
3344,7,7
3345,7,8
3346,6,7
3347,11,7
3348,18,10
3349,17,17
3350,16,17
3351,15,15
3352,10,14
3353,6,9
3354,8,6
3355,5,8
3356,8,6
3357,7,8
3358,8,7
3359,6,8
3360,6,7
3361,8,7
3362,16,8
3363,19,13
3364,17,19
3365,18,17
3366,13,18
3367,9,11
3368,7,8
3369,6,7
3370,7,7
3371,5,8
3372,12,6
3373,7,11
3374,7,7
3375,11,7
3376,12,10
3377,17,11
3378,19,16
3379,16,20
3380,19,15
3381,19,19
3382,17,19
3383,20,16
3384,29,21
3385,32,34
3386,22,33
3387,19,16
3388,12,16
3389,29,9
3390,15,29
3391,20,8
3392,19,17
3393,20,17
3394,17,20
3395,14,16
3396,18,12
3397,14,17
3398,11,13
3399,15,11
3400,11,15
3401,14,11
3402,4,14
3403,14,5
3404,22,12
3405,11,22
3406,23,8
3407,12,21
3408,7,8
3409,8,6
3410,12,7
3411,14,10
3412,21,12
3413,15,22
3414,12,14
3415,9,10
3416,4,8
3417,6,5
3418,4,6
3419,7,5
3420,6,7
3421,4,6
3422,11,5
3423,23,9
3424,24,20
3425,21,26
3426,25,20
3427,21,27
3428,23,18
3429,14,23
3430,9,10
3431,6,6
3432,1,6
3433,2,3
3434,3,3
3435,4,3
3436,3,3
3437,4,4
3438,14,4
3439,11,10
3440,9,11
3441,10,10
3442,14,10
3443,17,13
3444,12,17
3445,11,10
3446,3,11
3447,10,4
3448,7,8
3449,8,6
3450,8,8
3451,8,8
3452,17,8
3453,20,14
3454,14,21
3455,7,12
3456,8,6
3457,7,7
3458,6,7
3459,14,6
3460,7,11
3461,18,7
3462,24,15
3463,21,26
3464,26,21
3465,38,28
3466,38,38
3467,23,38
3468,18,16
3469,14,15
3470,11,11
3471,8,8
3472,10,7
3473,14,9
3474,9,13
3475,11,9
3476,12,11
3477,9,12
3478,7,9
3479,4,8
3480,4,5
3481,2,5
3482,4,3
3483,3,4
3484,3,3
3485,11,3
3486,4,8
3487,9,5
3488,17,9
3489,22,15
3490,20,24
3491,29,20
3492,22,32
3493,20,18
3494,20,18
3495,12,19
3496,25,9
3497,21,24
3498,20,20
3499,26,19
3500,28,28
3501,26,30
3502,23,25
3503,27,21
3504,26,29
3505,14,26
3506,10,9
3507,6,6
3508,16,5
3509,12,12
3510,25,10
3511,27,25
3512,28,29
3513,32,28
3514,29,34
3515,19,26
3516,17,14
3517,6,14
3518,5,4
3519,6,4
3520,6,5
3521,4,5
3522,5,5
3523,4,5
3524,13,5
3525,19,10
3526,4,17
3527,5,4
3528,9,5
3529,11,7
3530,12,9
3531,12,10
3532,13,11
3533,13,12
3534,16,13
3535,14,16
3536,16,13
3537,5,15
3538,8,5
3539,13,8
3540,5,11
3541,5,6
3542,12,6
3543,20,10
3544,21,18
3545,20,23
3546,21,20
3547,19,21
3548,17,18
3549,16,15
3550,8,15
3551,3,6
3552,11,4
3553,16,9
3554,7,14
3555,13,7
3556,21,12
3557,19,21
3558,21,20
3559,29,21
3560,22,34
3561,41,17
3562,22,38
3563,11,15
3564,11,6
3565,14,7
3566,5,10
3567,4,5
3568,7,5
3569,13,6
3570,18,11
3571,14,17
3572,17,13
3573,11,17
3574,10,10
3575,11,9
3576,11,11
3577,7,10
3578,11,7
3579,9,11
3580,14,9
3581,8,13
3582,7,8
3583,16,7
3584,12,13
3585,19,12
3586,86,19
3587,10,38
3588,10,1
3589,15,3
3590,11,8
3591,8,7
3592,6,7
3593,18,6
3594,12,14
3595,19,11
3596,12,19
3597,9,10
3598,5,8
3599,9,6
3600,12,8
3601,12,10
3602,7,11
3603,8,8
3604,16,8
3605,14,14
3606,17,13
3607,14,17
3608,18,13
3609,13,18
3610,15,12
3611,13,14
3612,15,13
3613,9,15
3614,10,9
3615,12,10
3616,22,12
3617,24,23
3618,20,27
3619,20,18
3620,20,19
3621,11,19
3622,6,8
3623,8,5
3624,9,7
3625,6,8
3626,6,7
3627,7,7
3628,13,7
3629,11,11
3630,15,10
3631,10,14
3632,7,9
3633,5,7
3634,4,6
3635,7,5
3636,5,7
3637,7,5
3638,16,7
3639,20,13
3640,22,20
3641,18,24
3642,18,17
3643,13,17
3644,11,11
3645,6,10
3646,7,6
3647,2,7
3648,8,4
3649,9,7
3650,16,8
3651,10,14
3652,4,10
3653,7,5
3654,13,7
3655,19,11
3656,18,18
3657,16,18
3658,23,16
3659,30,26
3660,32,34
3661,16,32
3662,18,8
3663,12,14
3664,9,9
3665,7,7
3666,4,7
3667,6,5
3668,16,7
3669,11,13
3670,8,11
3671,12,8
3672,24,11
3673,25,25
3674,24,27
3675,34,24
3676,29,38
3677,20,25
3678,23,16
3679,12,22
3680,17,8
3681,13,14
3682,14,11
3683,21,13
3684,20,23
3685,25,21
3686,25,27
3687,24,25
3688,24,23
3689,21,24
3690,19,19
3691,18,17
3692,16,17
3693,8,15
3694,7,6
3695,7,7
3696,9,8
3697,12,9
3698,5,11
3699,3,6
3700,19,5
3701,25,13
3702,22,25
3703,20,22
3704,24,19
3705,25,25
3706,3,26
3707,2,1
3708,1,1
3709,9,0
3710,8,2
3711,22,3
3712,24,12
3713,23,23
3714,22,24
3715,17,22
3716,13,14
3717,11,11
3718,9,9
3719,5,7
3720,13,6
3721,6,11
3722,10,6
3723,13,9
3724,6,12
3725,13,7
3726,23,11
3727,25,23
3728,27,27
3729,26,28
3730,24,25
3731,23,23
3732,13,22
3733,9,9
3734,3,6
3735,6,3
3736,18,5
3737,15,13
3738,11,14
3739,18,10
3740,21,17
3741,23,23
3742,26,25
3743,29,28
3744,37,30
3745,19,38
3746,13,11
3747,11,8
3748,10,8
3749,12,8
3750,12,10
3751,9,11
3752,6,9
3753,9,7
3754,7,9
3755,8,8
3756,16,8
3757,6,14
3758,9,7
3759,13,8
3760,14,11
3761,33,13
3762,22,37
3763,12,15
3764,15,7
3765,23,11
3766,27,22
3767,18,30
3768,17,14
3769,18,14
3770,10,16
3771,7,8
3772,7,7
3773,8,7
3774,10,8
3775,7,10
3776,9,8
3777,12,9
3778,13,11
3779,9,12
3780,6,9
3781,7,7
3782,6,7
3783,2,7
3784,2,3
3785,4,3
3786,2,4
3787,15,3
3788,6,10
3789,14,6
3790,12,11
3791,16,12
3792,15,16
3793,11,14
3794,20,10
3795,28,19
3796,22,33
3797,25,18
3798,29,26
3799,23,31
3800,20,19
3801,19,18
3802,24,18
3803,25,25
3804,24,26
3805,15,24
3806,12,11
3807,26,9
3808,22,24
3809,21,22
3810,16,21
3811,22,13
3812,10,22
3813,15,6
3814,5,11
3815,5,5
3816,11,5
3817,18,9
3818,25,16
3819,24,28
3820,21,24
3821,29,20
3822,22,32
3823,20,18
3824,3,18
3825,3,2
3826,19,2
3827,12,8
3828,17,9
3829,22,14
3830,21,23
3831,24,22
3832,31,25
3833,21,35
3834,13,15
3835,9,8
3836,7,6
3837,7,6
3838,8,7
3839,11,8
3840,14,10
3841,33,13
3842,21,37
3843,9,14
3844,12,4
3845,19,7
3846,15,15
3847,9,13
3848,29,7
3849,12,27
3850,8,6
3851,11,5
3852,18,8
3853,9,14
3854,8,7
3855,11,8
3856,22,10
3857,21,21
3858,24,22
3859,31,25
3860,18,35
3861,23,10
3862,23,21
3863,8,22
3864,8,4
3865,5,5
3866,12,4
3867,23,8
3868,7,20
3869,10,5
3870,16,8
3871,25,13
3872,18,26
3873,20,16
3874,19,20
3875,10,18
3876,8,7
3877,8,6
3878,4,7
3879,3,5
3880,4,4
3881,6,4
3882,7,6
3883,10,7
3884,8,9
3885,16,8
3886,22,14
3887,16,24
3888,26,15
3889,29,28
3890,23,31
3891,18,19
3892,20,15
3893,16,19
3894,10,14
3895,7,8
3896,9,7
3897,9,9
3898,3,9
3899,4,5
3900,2,5
3901,5,4
3902,5,5
3903,93,5
3904,19,37
3905,18,13
3906,18,16
3907,20,17
3908,7,19
3909,7,6
3910,5,5
3911,7,5
3912,7,6
3913,11,6
3914,10,9
3915,18,9
3916,21,16
3917,24,23
3918,33,26
3919,27,37
3920,15,22
3921,11,9
3922,11,7
3923,12,8
3924,8,10
3925,5,8
3926,9,6
3927,8,9
3928,11,8
3929,9,10
3930,6,9
3931,10,7
3932,16,9
3933,19,14
3934,22,20
3935,21,24
3936,25,21
3937,25,27
3938,15,25
3939,12,10
3940,4,8
3941,6,4
3942,5,6
3943,3,5
3944,5,4
3945,6,5
3946,8,6
3947,12,7
3948,17,10
3949,14,16
3950,15,13
3951,18,14
3952,16,18
3953,14,16
3954,9,12
3955,5,8
3956,8,6
3957,8,8
3958,6,8
3959,7,7
3960,11,8
3961,14,10
3962,22,13
3963,12,24
3964,11,9
3965,17,9
3966,18,15
3967,13,18
3968,7,11
3969,9,7
3970,7,9
3971,8,8
3972,5,8
3973,7,6
3974,18,7
3975,16,15
3976,14,16
3977,13,13
3978,5,12
3979,5,6
3980,10,6
3981,14,9
3982,22,12
3983,22,23
3984,18,24
3985,25,16
3986,29,27
3987,32,31
3988,27,33
3989,21,24
3990,18,18
3991,6,15
3992,1,4
3993,13,2
3994,38,7
3995,18,31
3996,21,13
3997,20,19
3998,23,20
3999,19,23
4000,18,18
4001,21,17
4002,16,21
4003,16,14
4004,18,14
4005,13,17
4006,5,12
4007,6,6
4008,8,6
4009,7,8
4010,12,8
4011,20,11
4012,8,20
4013,7,7
4014,14,7
4015,9,11
4016,4,8
4017,15,5
4018,11,12
4019,7,10
4020,8,7
4021,6,8
4022,12,6
4023,22,10
4024,14,21
4025,12,12
4026,12,10
4027,17,11
4028,13,16
4029,11,12
4030,9,10
4031,9,9
4032,6,10
4033,9,7
4034,8,9
4035,3,8
4036,8,5
4037,18,8
4038,17,14
4039,21,17
4040,19,22
4041,26,20
4042,13,29
4043,12,7
4044,6,8
4045,2,5
4046,8,3
4047,7,6
4048,8,6
4049,15,7
4050,13,13
4051,16,12
4052,11,15
4053,6,10
4054,8,7
4055,15,8
4056,15,13
4057,6,14
4058,8,6
4059,4,8
4060,8,5
4061,8,8
4062,13,8
4063,22,11
4064,18,22
4065,21,18
4066,27,21
4067,10,30
4068,6,4
4069,3,3
4070,6,2
4071,6,3
4072,9,4
4073,12,6
4074,18,9
4075,19,16
4076,17,19
4077,13,16
4078,6,11
4079,2,6
4080,1,3
4081,12,1
4082,4,7
4083,6,4
4084,10,6
4085,17,8
4086,22,16
4087,29,24
4088,29,32
4089,29,28
4090,22,29
4091,19,18
4092,12,17
4093,3,8
4094,1,3
4095,3,2
4096,2,3
4097,3,2
4098,4,3
4099,6,3
4100,10,5
4101,10,8
4102,11,11
4103,15,11
4104,25,14
4105,25,28
4106,21,26
4107,17,19
4108,22,14
4109,27,21
4110,26,30
4111,24,25
4112,21,23
4113,20,20
4114,18,19
4115,22,17
4116,20,23
4117,19,19
4118,17,18
4119,20,16
4120,14,20
4121,4,12
4122,6,5
4123,11,6
4124,12,9
4125,8,11
4126,11,8
4127,10,11
4128,10,10
4129,13,10
4130,16,12
4131,14,16
4132,8,13
4133,4,8
4134,6,5
4135,8,7
4136,13,8
4137,14,11
4138,13,13
4139,11,13
4140,16,11
4141,7,15
4142,2,7
4143,4,3
4144,11,5
4145,15,9
4146,15,13
4147,19,14
4148,17,19
4149,22,17
4150,16,24
4151,14,14
4152,13,11
4153,9,11
4154,8,9
4155,8,8
4156,9,9
4157,6,9
4158,14,7
4159,17,13
4160,22,17
4161,22,25
4162,23,23
4163,19,23
4164,24,17
4165,18,25
4166,7,16
4167,8,5
4168,4,6
4169,5,4
4170,7,5
4171,7,6
4172,9,7
4173,9,8
4174,6,8
4175,9,6
4176,9,8
4177,15,9
4178,18,14
4179,24,18
4180,24,27
4181,30,24
4182,29,33
4183,22,27
4184,19,18
4185,16,17
4186,8,14
4187,5,6
4188,4,5
4189,4,4
4190,6,4
4191,11,6
4192,20,9
4193,11,18
4194,7,10
4195,15,8
4196,16,14
4197,12,15
4198,6,11
4199,3,6
4200,4,4
4201,4,4
4202,7,5
4203,4,6
4204,13,5
4205,19,10
4206,16,17
4207,16,16
4208,18,16
4209,7,18
4210,2,5
4211,2,3
4212,88,2
4213,7,30
4214,6,1
4215,5,2
4216,12,2
4217,18,6
4218,17,13
4219,22,17
4220,20,23
4221,22,19
4222,18,21
4223,13,16
4224,13,10
4225,15,11
4226,8,14
4227,8,8
4228,9,9
4229,16,9
4230,9,15
4231,11,9
4232,12,11
4233,14,11
4234,17,14
4235,6,17
4236,10,6
4237,9,9
4238,8,8
4239,16,8
4240,16,13
4241,21,16
4242,25,23
4243,25,28
4244,25,25
4245,22,25
4246,17,20
4247,20,14
4248,20,19
4249,13,20
4250,7,10
4251,9,6
4252,13,9
4253,7,12
4254,12,7
4255,22,11
4256,20,23
4257,17,21
4258,18,15
4259,8,16
4260,6,6
4261,5,6
4262,8,5
4263,6,7
4264,8,7
4265,8,8
4266,12,8
4267,16,11
4268,14,15
4269,13,13
4270,12,12
4271,10,11
4272,1,10
4273,3,4
4274,3,3
4275,10,3
4276,5,7
4277,14,6
4278,17,11
4279,19,16
4280,20,20
4281,23,21
4282,31,25
4283,23,35
4284,23,17
4285,17,22
4286,17,14
4287,18,15
4288,19,17
4289,23,19
4290,24,25
4291,23,25
4292,18,23
4293,17,15
4294,16,15
4295,12,15
4296,18,10
4297,17,17
4298,18,17
4299,22,18
4300,9,24
4301,13,6
4302,6,10
4303,7,6
4304,10,6
4305,6,9
4306,13,6
4307,14,11
4308,6,13
4309,13,6
4310,9,11
4311,14,8
4312,4,12
4313,4,5
4314,5,4
4315,8,5
4316,8,7
4317,10,7
4318,10,9
4319,4,9
4320,7,5
4321,20,7
4322,19,16
4323,16,19
4324,15,15
4325,15,14
4326,19,15
4327,16,19
4328,8,15
4329,5,7
4330,12,6
4331,5,10
4332,15,6
4333,11,12
4334,7,10
4335,11,8
4336,14,10
4337,16,13
4338,15,16
4339,17,15
4340,6,18
4341,9,5
4342,6,8
4343,10,6
4344,17,9
4345,20,15
4346,26,22
4347,34,29
4348,21,38
4349,11,13
4350,7,6
4351,4,4
4352,4,4
4353,9,4
4354,7,7
4355,7,6
4356,7,7
4357,17,7
4358,5,14
4359,7,5
4360,10,6
4361,10,8
4362,17,9
4363,9,14
4364,11,8
4365,9,10
4366,7,9
4367,6,7
4368,5,7
4369,6,6
4370,7,6
4371,14,7
4372,26,12
4373,17,27
4374,19,14
4375,17,18
4376,13,17
4377,10,11
4378,8,8
4379,8,8
4380,11,8
4381,13,11
4382,12,13
4383,14,12
4384,15,14
4385,4,15
4386,6,5
4387,3,6
4388,7,4
4389,13,6
4390,18,10
4391,13,17
4392,5,12
4393,4,5
4394,7,5
4395,2,6
4396,2,3
4397,4,3
4398,5,4
4399,17,4
4400,8,12
4401,7,8
4402,7,7
4403,10,7
4404,12,9
4405,8,12
4406,8,8
4407,11,8
4408,15,9
4409,16,13
4410,14,16
4411,14,13
4412,16,13
4413,5,16
4414,11,5
4415,9,9
4416,10,8
4417,6,9
4418,12,7
4419,16,11
4420,16,15
4421,16,16
4422,18,16
4423,15,18
4424,12,14
4425,6,11
4426,3,6
4427,4,5
4428,3,5
4429,3,4
4430,9,4
4431,7,7
4432,9,7
4433,12,9
4434,10,11
4435,14,11
4436,15,14
4437,17,15
4438,23,18
4439,27,25
4440,27,30
4441,23,27
4442,19,20
4443,24,17
4444,19,25
4445,20,18
4446,16,19
4447,18,14
4448,24,17
4449,17,26
4450,19,15
4451,20,18
4452,20,20
4453,19,20
4454,14,18
4455,15,12
4456,11,14
4457,10,10
4458,3,10
4459,3,5
4460,7,4
4461,5,6
4462,12,6
4463,15,10
4464,21,14
4465,22,22
4466,22,24
4467,23,23
4468,21,23
4469,5,19
4470,4,3
4471,2,3
4472,1,2
4473,2,1
4474,1,1
4475,11,1
4476,5,4
4477,8,4
4478,15,6
4479,10,12
4480,15,10
4481,13,14
4482,15,12
4483,13,14
4484,6,11
4485,5,6
4486,4,5
4487,7,5
4488,5,6
4489,14,6
4490,11,11
4491,17,10
4492,12,16
4493,13,11
4494,7,12
4495,14,8
4496,8,12
4497,9,8
4498,10,9
4499,13,10
4500,19,12
4501,13,19
4502,7,12
4503,7,6
4504,14,7
4505,13,12
4506,19,12
4507,26,19
4508,27,30
4509,22,28
4510,17,19
4511,14,13
4512,16,11
4513,12,14
4514,11,10
4515,7,11
4516,5,8
4517,5,7
4518,5,6
4519,8,6
4520,13,8
4521,16,12
4522,14,16
4523,16,14
4524,4,16
4525,42,5
4526,10,29
4527,11,3
4528,14,6
4529,8,9
4530,15,6
4531,9,12
4532,7,8
4533,13,7
4534,15,11
4535,13,14
4536,8,12
4537,4,8
4538,6,5
4539,6,7
4540,11,6
4541,5,9
4542,9,6
4543,12,9
4544,7,11
4545,13,7
4546,11,11
4547,10,10
4548,10,10
4549,23,10
4550,20,22
4551,10,21
4552,9,7
4553,5,7
4554,7,5
4555,8,7
4556,10,7
4557,10,9
4558,9,9
4559,8,9
4560,15,8
4561,17,13
4562,16,17
4563,15,16
4564,3,14
4565,7,4
4566,10,6
4567,12,8
4568,10,10
4569,11,9
4570,19,11
4571,26,19
4572,27,31
4573,26,27
4574,29,25
4575,18,31
4576,16,12
4577,13,12
4578,4,10
4579,4,4
4580,6,4
4581,12,6
4582,17,10
4583,11,16
4584,10,10
4585,13,10
4586,10,12
4587,15,10
4588,17,14
4589,17,17
4590,17,17
4591,7,17
4592,17,6
4593,9,13
4594,11,8
4595,15,10
4596,18,14
4597,24,18
4598,24,28
4599,25,24
4600,29,25
4601,23,31
4602,21,19
4603,21,19
4604,23,21
4605,22,23
4606,25,22
4607,18,26
4608,23,15
4609,21,23
4610,20,21
4611,19,19
4612,20,19
4613,14,20
4614,13,12
4615,20,11
4616,13,19
4617,9,11
4618,10,8
4619,12,10
4620,18,12
4621,12,18
4622,14,11
4623,11,13
4624,15,11
4625,17,15
4626,18,17
4627,17,18
4628,16,17
4629,16,16
4630,13,15
4631,12,12
4632,4,11
4633,14,5
4634,13,12
4635,12,12
4636,12,12
4637,17,12
4638,12,17
4639,19,11
4640,19,19
4641,27,20
4642,26,31
4643,21,25
4644,17,19
4645,25,14
4646,21,26
4647,19,20
4648,16,18
4649,10,14
4650,9,8
4651,4,8
4652,10,5
4653,13,9
4654,7,12
4655,6,7
4656,4,7
4657,9,5
4658,7,8
4659,15,7
4660,26,13
4661,20,27
4662,6,19
4663,10,4
4664,6,6
4665,7,5
4666,10,6
4667,12,8
4668,3,10
4669,7,4
4670,7,6
4671,11,6
4672,15,9
4673,20,13
4674,14,20
4675,17,12
4676,26,17
4677,29,30
4678,28,31
4679,27,27
4680,12,27
4681,7,6
4682,10,4
4683,20,6
4684,20,15
4685,13,20
4686,8,10
4687,14,7
4688,15,12
4689,22,14
4690,18,23
4691,10,17
4692,12,7
4693,21,10
4694,19,20
4695,20,19
4696,21,20
4697,11,21
4698,7,7
4699,9,6
4700,10,8
4701,10,9
4702,12,9
4703,13,11
4704,11,13
4705,4,11
4706,16,5
4707,19,12
4708,20,18
4709,25,21
4710,26,28
4711,22,27
4712,15,20
4713,11,11
4714,6,8
4715,6,6
4716,3,6
4717,9,4
4718,7,7
4719,25,7
4720,19,20
4721,7,19
4722,8,5
4723,24,7
4724,26,19
4725,20,28
4726,23,18
4727,27,23
4728,24,30
4729,21,22
4730,13,19
4731,23,9
4732,23,21
4733,26,24
4734,20,28
4735,19,17
4736,19,18
4737,24,18
4738,14,25
4739,6,10
4740,15,5
4741,7,11
4742,7,6
4743,10,7
4744,12,9
4745,7,11
4746,8,7
4747,7,8
4748,11,7
4749,9,10
4750,13,8
4751,12,12
4752,13,11
4753,20,12
4754,15,21
4755,8,14
4756,12,7
4757,9,10
4758,13,8
4759,5,12
4760,4,6
4761,7,5
4762,10,7
4763,12,9
4764,11,11
4765,7,11
4766,8,7
4767,2,8
4768,14,4
4769,10,10
4770,12,9
4771,15,11
4772,18,14
4773,25,18
4774,27,29
4775,24,28
4776,18,22
4777,10,15
4778,8,6
4779,5,6
4780,8,5
4781,5,7
4782,14,6
4783,4,11
4784,2,5
4785,5,3
4786,18,4
4787,23,11
4788,26,22
4789,20,28
4790,23,18
4791,20,23
4792,19,19
4793,13,18
4794,8,10
4795,4,6
4796,11,5
4797,13,9
4798,16,12
4799,21,16
4800,19,24
4801,22,18
4802,19,22
4803,12,18
4804,12,9
4805,11,10
4806,10,10
4807,10,9
4808,9,10
4809,6,9
4810,11,7
4811,18,11
4812,10,17
4813,10,9
4814,13,10
4815,6,12
4816,14,6
4817,10,12
4818,11,9
4819,9,10
4820,18,9
4821,8,17
4822,11,7
4823,10,10
4824,11,9
4825,17,10
4826,13,16
4827,7,12
4828,4,7
4829,12,6
4830,27,10
4831,21,26
4832,23,21
4833,26,23
4834,22,27
4835,18,21
4836,15,15
4837,6,13
4838,4,5
4839,9,4
4840,23,7
4841,82,19
4842,6,38
4843,7,0
4844,8,1
4845,9,3
4846,13,4
4847,14,8
4848,15,11
4849,20,13
4850,8,21
4851,1,5
4852,1,1
4853,69,1
4854,13,15
4855,15,10
4856,1,12
4857,1,2
4858,50,1
4859,15,13
4860,12,11
4861,11,9
4862,6,9
4863,5,6
4864,7,7
4865,11,8
4866,3,10
4867,8,4
4868,5,7
4869,5,5
4870,5,5
4871,9,5
4872,17,7
4873,21,13
4874,16,21
4875,20,16
4876,15,20
4877,15,13
4878,9,13
4879,6,8
4880,9,6
4881,8,9
4882,19,9
4883,20,17
4884,19,22
4885,18,20
4886,14,17
4887,20,12
4888,12,19
4889,16,10
4890,12,14
4891,9,11
4892,11,9
4893,6,11
4894,6,7
4895,12,7
4896,5,11
4897,3,6
4898,3,4
4899,9,3
4900,6,7
4901,11,6
4902,12,9
4903,8,11
4904,8,8
4905,6,9
4906,12,7
4907,10,10
4908,12,9
4909,6,11
4910,11,6
4911,15,10
4912,10,14
4913,11,9
4914,18,10
4915,16,17
4916,16,16
4917,16,16
4918,27,15
4919,22,32
4920,26,20
4921,27,27
4922,18,27
4923,20,14
4924,18,18
4925,15,17
4926,15,13
4927,15,14
4928,18,14
4929,22,18
4930,25,25
4931,26,27
4932,18,27
4933,25,14
4934,19,25
4935,17,16
4936,9,15
4937,16,6
4938,9,13
4939,7,8
4940,8,7
4941,4,8
4942,8,5
4943,11,8
4944,14,10
4945,12,13
4946,16,12
4947,15,16
4948,16,14
4949,14,16
4950,8,13
4951,8,7
4952,7,8
4953,8,8
4954,9,8
4955,10,9
4956,9,10
4957,15,9
4958,11,14
4959,13,11
4960,9,12
4961,17,9
4962,18,16
4963,9,18
4964,11,7
4965,8,10
4966,5,8
4967,6,6
4968,13,7
4969,8,11
4970,6,8
4971,9,7
4972,24,9
4973,14,22
4974,14,12
4975,12,12
4976,18,11
4977,8,17
4978,5,7
4979,11,6
4980,13,9
4981,17,12
4982,8,17
4983,14,7
4984,17,12
4985,12,16
4986,12,11
4987,17,11
4988,18,16
4989,18,19
4990,12,19
4991,8,10
4992,5,7
4993,7,6
4994,7,7
4995,7,7
4996,14,7
4997,6,12
4998,10,7
4999,11,9
5000,10,10
5001,9,10
5002,7,9
5003,9,8
5004,14,9
5005,15,13
5006,19,14
5007,9,20
5008,5,8
5009,12,5
5010,7,10
5011,6,7
5012,7,6
5013,9,7
5014,8,8
5015,10,8
5016,13,9
5017,16,12
5018,11,16
5019,15,10
5020,10,14
5021,12,9
5022,7,11
5023,13,7
5024,13,12
5025,10,13
5026,20,10
5027,21,20
5028,16,23
5029,19,14
5030,24,18
5031,28,26
5032,27,31
5033,22,26
5034,20,19
5035,18,18
5036,26,17
5037,20,28
5038,10,18
5039,20,6
5040,22,15
5041,20,22
5042,21,20
5043,24,21
5044,20,25
5045,21,19
5046,18,20
5047,17,17
5048,12,16
5049,17,10
5050,13,16
5051,7,12
5052,10,7
5053,12,10
5054,9,12
5055,12,9
5056,8,12
5057,20,8
5058,11,18
5059,17,10
5060,13,15
5061,11,12
5062,4,10
5063,11,5
5064,13,10
5065,17,12
5066,21,17
5067,10,23
5068,8,7
5069,5,7
5070,5,5
5071,8,5
5072,8,7
5073,7,7
5074,5,7
5075,8,6
5076,14,7
5077,17,12
5078,19,16
5079,12,19
5080,8,10
5081,9,7
5082,6,9
5083,10,7
5084,15,9
5085,15,14
5086,13,15
5087,14,12
5088,8,14
5089,14,8
5090,12,13
5091,20,11
5092,10,20
5093,7,8
5094,5,7
5095,11,6
5096,15,9
5097,13,13
5098,12,12
5099,5,12
5100,3,6
5101,5,4
5102,7,5
5103,10,6
5104,18,9
5105,10,16
5106,16,9
5107,15,15
5108,13,15
5109,10,13
5110,7,9
5111,8,7
5112,14,8
5113,6,12
5114,5,6
5115,11,6
5116,15,10
5117,13,14
5118,11,12
5119,11,10
5120,8,11
5121,4,9
5122,3,5
5123,14,4
5124,11,11
5125,9,10
5126,4,9
5127,9,5
5128,11,8
5129,11,10
5130,9,11
5131,7,9
5132,4,7
5133,7,5
5134,9,7
5135,15,8
5136,16,13
5137,16,15
5138,14,16
5139,14,14
5140,4,13
5141,7,5
5142,9,7
5143,14,8
5144,6,12
5145,89,7
5146,5,38
5147,8,0
5148,6,1
5149,12,2
5150,8,5
5151,8,5
5152,20,6
5153,21,14
5154,30,22
5155,19,35
5156,21,13
5157,21,19
5158,14,21
5159,15,11
5160,10,12
5161,9,8
5162,12,9
5163,14,12
5164,7,14
5165,9,7
5166,21,9
5167,13,20
5168,14,11
5169,17,12
5170,21,16
5171,17,24
5172,6,15
5173,12,4
5174,5,9
5175,11,5
5176,15,9
5177,13,13
5178,22,12
5179,16,23
5180,11,15
5181,12,8
5182,6,10
5183,11,6
5184,8,10
5185,5,8
5186,10,6
5187,7,9
5188,10,7
5189,12,9
5190,19,11
5191,21,19
5192,20,23
5193,24,20
5194,12,25
5195,10,7
5196,6,7
5197,10,5
5198,10,8
5199,5,9
5200,11,6
5201,10,10
5202,14,9
5203,16,13
5204,17,15
5205,15,17
5206,16,14
5207,16,16
5208,7,16
5209,5,6
5210,6,6
5211,2,6
5212,4,4
5213,19,4
5214,9,12
5215,16,8
5216,25,14
5217,26,26
5218,18,28
5219,24,15
5220,29,25
5221,22,32
5222,12,18
5223,22,7
5224,32,18
5225,20,37
5226,21,13
5227,23,19
5228,23,24
5229,22,23
5230,19,21
5231,14,17
5232,25,11
5233,18,26
5234,8,15
5235,5,5
5236,7,5
5237,13,6
5238,8,10
5239,18,8
5240,21,15
5241,13,23
5242,14,10
5243,10,12
5244,14,8
5245,9,12
5246,6,9
5247,12,7
5248,13,11
5249,13,12
5250,21,13
5251,12,23
5252,18,10
5253,13,17
5254,11,11
5255,13,9
5256,8,12
5257,7,8
5258,8,8
5259,12,9
5260,11,11
5261,16,11
5262,17,15
5263,4,17
5264,10,4
5265,19,8
5266,12,15
5267,14,11
5268,13,13
5269,18,12
5270,7,18
5271,13,6
5272,7,11
5273,13,7
5274,15,11
5275,14,14
5276,19,14
5277,23,19
5278,23,26
5279,19,23
5280,23,17
5281,19,23
5282,9,16
5283,6,6
5284,5,6
5285,4,5
5286,3,5
5287,16,4
5288,10,11
5289,21,9
5290,16,19
5291,21,15
5292,22,22
5293,14,24
5294,24,11
5295,13,23
5296,9,9
5297,9,7
5298,7,8
5299,10,7
5300,24,9
5301,12,22
5302,6,10
5303,5,6
5304,7,5
5305,11,6
5306,13,9
5307,4,11
5308,10,5
5309,4,9
5310,8,5
5311,11,7
5312,13,9
5313,5,11
5314,10,6
5315,13,9
5316,8,12
5317,5,8
5318,16,6
5319,23,12
5320,18,23
5321,14,17
5322,19,12
5323,10,18
5324,8,7
5325,8,7
5326,16,8
5327,13,14
5328,15,13
5329,16,15
5330,21,16
5331,14,23
5332,23,12
5333,17,23
5334,18,15
5335,29,17
5336,28,34
5337,20,27
5338,19,17
5339,16,18
5340,21,13
5341,11,20
5342,22,8
5343,29,20
5344,22,34
5345,30,17
5346,22,33
5347,17,17
5348,21,14
5349,16,20
5350,21,14
5351,16,21
5352,17,15
5353,14,17
5354,7,12
5355,12,6
5356,10,11
5357,18,10
5358,14,17
5359,9,14
5360,16,9
5361,14,15
5362,11,13
5363,11,10
5364,5,11
5365,4,6
5366,3,6
5367,17,4
5368,27,12
5369,17,27
5370,16,14
5371,18,14
5372,23,17
5373,19,25
5374,24,18
5375,23,25
5376,22,24
5377,8,21
5378,6,4
5379,4,4
5380,7,4
5381,6,5
5382,6,5
5383,12,6
5384,13,9
5385,4,11
5386,6,5
5387,15,6
5388,26,12
5389,18,27
5390,15,15
5391,17,13
5392,17,16
5393,16,16
5394,17,15
5395,9,16
5396,8,8
5397,3,8
5398,4,5
5399,5,5
5400,6,5
5401,6,6
5402,21,7
5403,18,16
5404,14,18
5405,21,13
5406,19,22
5407,17,19
5408,23,15
5409,29,25
5410,25,32
5411,20,22
5412,16,17
5413,13,13
5414,11,10
5415,9,10
5416,10,9
5417,9,10
5418,13,9
5419,12,13
5420,23,12
5421,15,24
5422,7,12
5423,11,6
5424,19,9
5425,10,17
5426,10,8
5427,5,9
5428,9,6
5429,24,9
5430,13,21
5431,23,11
5432,19,23
5433,14,18
5434,10,11
5435,17,8
5436,85,14
5437,32,38
5438,21,29
5439,19,16
5440,9,16
5441,8,6
5442,10,6
5443,12,8
5444,5,10
5445,4,6
5446,7,5
5447,10,7
5448,9,9
5449,6,9
5450,4,6
5451,3,5
5452,5,4
5453,9,5
5454,17,8
5455,13,13
5456,9,12
5457,15,9
5458,13,14
5459,16,13
5460,19,16
5461,15,19
5462,11,13
5463,11,10
5464,6,11
5465,11,7
5466,9,11
5467,4,9
5468,5,6
5469,4,6
5470,5,5
5471,4,6
5472,6,5
5473,3,6
5474,12,4
5475,18,9
5476,12,16
5477,12,11
5478,14,12
5479,13,13
5480,10,12
5481,8,10
5482,5,8
5483,5,6
5484,4,6
5485,7,5
5486,8,7
5487,7,8
5488,15,7
5489,22,13
5490,15,23
5491,20,13
5492,16,20
5493,15,14
5494,27,13
5495,11,30
5496,13,5
5497,16,8
5498,9,12
5499,10,7
5500,11,9
5501,3,10
5502,6,4
5503,6,6
5504,7,6
5505,3,7
5506,6,4
5507,13,6
5508,15,10
5509,15,14
5510,16,15
5511,10,15
5512,10,9
5513,14,9
5514,9,13
5515,2,9
5516,3,4
5517,5,4
5518,7,5
5519,3,6
5520,3,3
5521,8,3
5522,9,6
5523,9,8
5524,10,10
5525,14,10
5526,10,12
5527,8,10
5528,7,9
5529,5,7
5530,8,5
5531,7,7
5532,1,7
5533,2,3
5534,4,3
5535,2,3
5536,5,2
5537,2,3
5538,5,2
5539,7,4
5540,6,7
5541,11,7
5542,13,10
5543,18,12
5544,15,18
5545,16,14
5546,14,16
5547,15,12
5548,16,14
5549,14,16
5550,15,13
5551,14,14
5552,9,14
5553,13,9
5554,10,13
5555,6,10
5556,6,7
5557,10,7
5558,11,10
5559,13,11
5560,11,13
5561,7,11
5562,7,8
5563,6,8
5564,3,7
5565,5,4
5566,13,5
5567,11,10
5568,26,10
5569,25,26
5570,14,26
5571,9,9
5572,11,6
5573,7,9
5574,8,6
5575,7,7
5576,7,7
5577,5,7
5578,9,6
5579,8,8
5580,5,8
5581,4,6
5582,10,5
5583,3,8
5584,4,4
5585,2,4
5586,4,3
5587,4,3
5588,5,4
5589,8,5
5590,5,7
5591,7,5
5592,9,8
5593,12,9
5594,9,11
5595,9,8
5596,10,9
5597,9,9
5598,4,8
5599,5,5
5600,4,5
5601,4,4
5602,4,4
5603,3,4
5604,6,3
5605,7,5
5606,2,7
5607,3,3
5608,6,3
5609,6,5
5610,4,6
5611,6,5
5612,17,6
5613,2,12
5614,3,3
5615,13,3
5616,13,8
5617,12,10
5618,7,10
5619,6,7
5620,7,6
5621,9,7
5622,11,10
5623,6,10
5624,3,6
5625,3,4
5626,6,3
5627,7,5
5628,11,6
5629,7,9
5630,7,7
5631,13,7
5632,12,12
5633,11,12
5634,16,11
5635,16,14
5636,20,16
5637,16,21
5638,13,15
5639,14,11
5640,10,13
5641,7,9
5642,8,8
5643,8,9
5644,8,9
5645,6,9
5646,1,7
5647,1,3
5648,5,2
5649,6,4
5650,10,5
5651,9,8
5652,16,9
5653,16,15
5654,13,17
5655,8,12
5656,10,7
5657,3,8
5658,9,4
5659,3,7
5660,3,4
5661,3,3
5662,5,3
5663,3,4
5664,6,3
5665,7,6
5666,13,6
5667,8,12
5668,18,9
5669,13,16
5670,16,12
5671,15,15
5672,17,14
5673,14,16
5674,13,13
5675,10,13
5676,17,10
5677,8,16
5678,9,8
5679,7,9
5680,9,8
5681,6,9
5682,3,7
5683,4,4
5684,3,4
5685,2,4
5686,4,2
5687,4,3
5688,2,4
5689,5,2
5690,5,5
5691,4,6
5692,8,5
5693,21,8
5694,18,19
5695,21,18
5696,15,22
5697,16,13
5698,12,14
5699,8,10
5700,10,8
5701,10,9
5702,6,10
5703,3,7
5704,8,5
5705,5,8
5706,4,6
5707,6,4
5708,4,5
5709,4,5
5710,7,4
5711,12,7
5712,5,10
5713,1,6
5714,3,4
5715,5,3
5716,10,4
5717,6,8
5718,5,6
5719,2,5
5720,1,3
5721,2,2
5722,3,2
5723,2,2
5724,10,2
5725,11,6
5726,5,9
5727,8,6
5728,10,9
5729,14,10
5730,12,13
5731,13,11
5732,13,12
5733,19,12
5734,16,19
5735,14,16
5736,13,12
5737,14,12
5738,11,13
5739,11,11
5740,9,11
5741,5,9
5742,3,7
5743,2,5
5744,1,4
5745,4,2
5746,4,3
5747,5,4
5748,3,5
5749,4,4
5750,5,5
5751,2,6
5752,1,4
5753,1,2
5754,1,1
5755,1,1
5756,9,1
5757,10,5
5758,7,9
5759,94,8
5760,12,35
5761,5,7
5762,25,3
5763,6,16
5764,6,3
5765,5,4
5766,3,4
5767,3,3
5768,2,3
5769,14,2
5770,13,7
5771,13,10
5772,16,11
5773,13,15
5774,12,13
5775,14,12
5776,24,14
5777,25,26
5778,11,26
5779,7,6
5780,10,5
5781,10,7
5782,14,8
5783,17,12
5784,14,16
5785,12,14
5786,21,11
5787,13,21
5788,8,11
5789,14,7
5790,17,12
5791,12,16
5792,9,11
5793,8,9
5794,10,8
5795,15,10
5796,14,14
5797,16,13
5798,17,16
5799,28,18
5800,36,34
5801,27,38
5802,29,22
5803,20,31
5804,16,15
5805,17,13
5806,17,15
5807,7,16
5808,11,6
5809,9,10
5810,15,9
5811,17,14
5812,11,17
5813,12,10
5814,10,11
5815,15,10
5816,15,14
5817,9,15
5818,13,8
5819,12,12
5820,12,12
5821,19,12
5822,24,19
5823,27,28
5824,31,29
5825,19,33
5826,23,12
5827,35,22
5828,30,38
5829,13,27
5830,29,6
5831,28,26
5832,27,28
5833,25,27
5834,16,24
5835,24,12
5836,18,24
5837,22,16
5838,16,22
5839,12,14
5840,17,9
5841,24,15
5842,22,26
5843,11,23
5844,8,6
5845,10,6
5846,14,8
5847,18,12
5848,15,17
5849,17,14
5850,18,16
5851,19,18
5852,16,21
5853,22,14
5854,22,23
5855,23,23
5856,16,23
5857,17,13
5858,11,16
5859,7,8
5860,4,7
5861,5,5
5862,22,5
5863,8,16
5864,16,7
5865,25,14
5866,19,27
5867,22,17
5868,29,22
5869,24,33
5870,22,20
5871,24,20
5872,20,24
5873,7,19
5874,5,4
5875,13,4
5876,14,9
5877,17,12
5878,17,16
5879,15,17
5880,17,15
5881,15,16
5882,20,14
5883,14,20
5884,11,12
5885,12,9
5886,6,12
5887,28,7
5888,7,27
5889,9,2
5890,9,4
5891,14,5
5892,15,9
5893,16,12
5894,12,15
5895,13,10
5896,15,12
5897,21,14
5898,17,23
5899,23,16
5900,28,25
5901,15,31
5902,17,9
5903,21,13
5904,21,20
5905,6,21
5906,9,4
5907,12,6
5908,10,9
5909,16,8
5910,11,14
5911,11,10
5912,16,11
5913,16,16
5914,17,16
5915,18,17
5916,12,18
5917,5,10
5918,15,6
5919,14,12
5920,17,13
5921,17,16
5922,32,18
5923,19,38
5924,16,11
5925,13,12
5926,19,10
5927,32,18
5928,31,38
5929,16,29
5930,25,9
5931,15,23
5932,19,11
5933,16,17
5934,18,14
5935,29,17
5936,28,34
5937,21,27
5938,23,18
5939,19,23
5940,22,17
5941,16,22
5942,18,13
5943,11,17
5944,17,9
5945,17,15
5946,18,17
5947,12,18
5948,8,11
5949,5,8
5950,8,6
5951,12,9
5952,17,11
5953,20,16
5954,17,22
5955,17,17
5956,23,17
5957,18,25
5958,18,17
5959,17,16
5960,15,15
5961,6,13
5962,4,6
5963,5,5
5964,7,6
5965,10,7
5966,14,10
5967,17,13
5968,16,17
5969,9,16
5970,12,8
5971,18,11
5972,19,16
5973,21,20
5974,6,23
5975,6,4
5976,9,5
5977,10,7
5978,13,8
5979,17,10
5980,21,16
5981,15,23
5982,25,12
5983,21,26
5984,21,20
5985,27,21
5986,17,29
5987,17,12
5988,10,14
5989,4,7
5990,2,4
5991,9,3
5992,12,7
5993,14,10
5994,18,13
5995,16,18
5996,25,16
5997,18,28
5998,26,16
5999,29,28
6000,25,31
6001,19,22
6002,13,16
6003,12,10
6004,4,9
6005,8,4
6006,4,7
6007,8,5
6008,13,7
6009,14,11
6010,22,13
6011,23,24
6012,12,25
6013,3,7
6014,15,3
6015,18,9
6016,17,14
6017,15,15
6018,5,15
6019,12,5
6020,17,10
6021,16,15
6022,12,16
6023,10,11
6024,14,10
6025,7,13
6026,19,7
6027,19,16
6028,18,20
6029,25,19
6030,25,28
6031,27,25
6032,1,28
6033,1,0
6034,2,0
6035,1,0
6036,1,0
6037,1,0
6038,1,0
6039,1,0
6040,1,0
6041,1,0
6042,2,0
6043,2,0
6044,1,0
6045,2,0
6046,7,0
6047,10,1
6048,12,3
6049,22,8
6050,21,20
6051,17,22
6052,18,15
6053,25,17
6054,8,26
6055,6,3
6056,8,4
6057,7,5
6058,6,5
6059,6,5
6060,14,6
6061,16,10
6062,16,14
6063,32,15
6064,25,38
6065,27,19
6066,26,28
6067,19,25
6068,12,15
6069,7,8
6070,5,6
6071,9,5
6072,14,8
6073,17,12
6074,15,16
6075,19,15
6076,10,20
6077,9,8
6078,10,8
6079,10,9
6080,6,9
6081,15,7
6082,19,13
6083,16,19
6084,20,16
6085,23,21
6086,28,25
6087,13,31
6088,27,6
6089,22,23
6090,20,20
6091,16,19
6092,10,14
6093,3,7
6094,2,4
6095,2,3
6096,2,2
6097,6,2
6098,8,4
6099,12,7
6100,17,10
6101,15,17
6102,13,16
6103,4,12
6104,7,5
6105,9,6
6106,13,7
6107,14,10
6108,11,12
6109,13,10
6110,15,12
6111,22,15
6112,33,24
6113,23,38
6114,30,16
6115,22,33
6116,13,17
6117,7,8
6118,7,5
6119,4,6
6120,2,4
6121,1,3
6122,3,2
6123,7,2
6124,8,5
6125,11,6
6126,13,9
6127,18,12
6128,16,19
6129,16,16
6130,7,15
6131,6,6
6132,9,5
6133,10,7
6134,4,8
6135,10,5
6136,12,8
6137,14,10
6138,19,13
6139,31,20
6140,24,37
6141,25,18
6142,26,25
6143,14,26
6144,6,8
6145,7,4
6146,7,5
6147,2,6
6148,2,3
6149,1,3
6150,6,1
6151,6,3
6152,7,4
6153,13,6
6154,16,10
6155,18,16
6156,20,18
6157,12,22
6158,6,9
6159,9,5
6160,14,7
6161,11,10
6162,11,10
6163,9,10
6164,15,9
6165,18,14
6166,23,19
6167,24,26
6168,16,24
6169,11,12
6170,10,8
6171,15,8
6172,14,13
6173,13,13
6174,9,13
6175,10,9
6176,11,11
6177,16,11
6178,25,16
6179,22,29
6180,24,21
6181,17,25
6182,15,13
6183,15,12
6184,16,13
6185,16,14
6186,8,15
6187,8,7
6188,14,8
6189,17,13
6190,20,17
6191,19,22
6192,19,18
6193,11,19
6194,6,8
6195,10,6
6196,11,9
6197,9,10
6198,9,9
6199,13,9
6200,9,12
6201,13,9
6202,24,12
6203,28,26
6204,26,31
6205,32,25
6206,20,35
6207,13,13
6208,14,8
6209,18,10
6210,10,16
6211,13,8
6212,24,12
6213,26,26
6214,27,29
6215,25,28
6216,31,24
6217,31,34
6218,33,30
6219,31,34
6220,22,30
6221,31,18
6222,23,35
6223,13,18
6224,10,8
6225,5,7
6226,13,5
6227,13,10
6228,14,11
6229,6,13
6230,14,7
6231,21,12
6232,18,21
6233,25,17
6234,42,28
6235,21,38
6236,27,14
6237,16,28
6238,19,11
6239,14,16
6240,17,12
6241,16,16
6242,15,15
6243,8,15
6244,8,7
6245,12,8
6246,15,11
6247,10,15
6248,18,10
6249,15,17
6250,22,15
6251,28,24
6252,22,32
6253,24,18
6254,17,24
6255,25,14
6256,16,26
6257,12,12
6258,9,9
6259,3,8
6260,2,4
6261,5,3
6262,7,4
6263,7,6
6264,7,7
6265,9,7
6266,11,9
6267,16,10
6268,22,16
6269,8,24
6270,10,4
6271,11,6
6272,14,8
6273,17,11
6274,18,16
6275,19,18
6276,19,20
6277,27,19
6278,35,31
6279,20,38
6280,23,12
6281,21,21
6282,16,20
6283,11,13
6284,10,8
6285,5,9
6286,2,6
6287,3,4
6288,5,3
6289,8,5
6290,11,7
6291,9,10
6292,8,9
6293,11,8
6294,14,11
6295,17,15
6296,13,17
6297,4,12
6298,9,4
6299,12,7
6300,12,10
6301,12,11
6302,8,11
6303,7,8
6304,11,8
6305,29,10
6306,34,31
6307,1,37
6308,1,0
6309,1,0
6310,2,0
6311,2,0
6312,1,0
6313,3,0
6314,8,0
6315,16,1
6316,16,7
6317,19,13
6318,17,18
6319,20,16
6320,17,20
6321,12,15
6322,7,10
6323,11,6
6324,8,9
6325,7,8
6326,17,7
6327,11,14
6328,11,10
6329,23,11
6330,14,23
6331,17,11
6332,14,15
6333,31,12
6334,18,34
6335,21,11
6336,32,19
6337,32,37
6338,11,31
6339,47,3
6340,22,32
6341,21,17
6342,31,19
6343,32,35
6344,20,32
6345,20,15
6346,19,18
6347,15,17
6348,21,13
6349,22,21
6350,10,23
6351,15,6
6352,21,12
6353,16,21
6354,12,15
6355,8,10
6356,13,8
6357,7,12
6358,9,7
6359,14,8
6360,14,12
6361,15,14
6362,19,15
6363,21,20
6364,19,23
6365,32,18
6366,20,37
6367,9,12
6368,8,5
6369,5,5
6370,13,4
6371,16,9
6372,14,13
6373,18,13
6374,14,18
6375,16,13
6376,8,15
6377,9,7
6378,12,8
6379,11,11
6380,8,11
6381,7,9
6382,12,8
6383,16,11
6384,11,15
6385,18,10
6386,25,18
6387,21,29
6388,31,19
6389,19,35
6390,9,11
6391,7,5
6392,4,5
6393,8,4
6394,11,6
6395,13,9
6396,13,11
6397,16,12
6398,14,16
6399,9,13
6400,11,8
6401,19,11
6402,10,18
6403,12,9
6404,4,11
6405,6,5
6406,9,6
6407,8,8
6408,12,8
6409,11,11
6410,14,11
6411,19,13
6412,25,20
6413,19,29
6414,17,16
6415,33,14
6416,34,37
6417,24,33
6418,16,19
6419,25,12
6420,35,25
6421,24,38
6422,19,18
6423,23,16
6424,28,23
6425,31,31
6426,20,33
6427,11,14
6428,19,6
6429,20,14
6430,28,19
6431,20,32
6432,19,16
6433,26,17
6434,16,28
6435,16,12
6436,11,13
6437,12,8
6438,8,11
6439,5,8
6440,1,7
6441,1,3
6442,41,2
6443,8,18
6444,8,5
6445,1,6
6446,47,1
6447,10,15
6448,15,7
6449,14,12
6450,13,12
6451,17,11
6452,19,16
6453,10,21
6454,6,8
6455,10,6
6456,9,8
6457,4,8
6458,9,5
6459,16,8
6460,17,13
6461,15,17
6462,17,15
6463,19,17
6464,22,20
6465,30,24
6466,20,35
6467,32,13
6468,30,35
6469,20,28
6470,8,15
6471,7,4
6472,7,5
6473,7,5
6474,10,6
6475,12,8
6476,15,10
6477,14,14
6478,16,13
6479,15,16
6480,13,14
6481,12,12
6482,12,11
6483,17,12
6484,18,17
6485,10,19
6486,9,9
6487,12,9
6488,8,11
6489,13,8
6490,17,12
6491,21,17
6492,24,24
6493,28,26
6494,23,30
6495,20,20
6496,26,18
6497,21,27
6498,11,19
6499,13,7
6500,17,10
6501,23,14
6502,28,25
6503,24,32
6504,17,22
6505,19,13
6506,20,17
6507,13,19
6508,12,10
6509,21,10
6510,10,20
6511,19,8
6512,14,17
6513,23,12
6514,26,24
6515,27,29
6516,21,28
6517,32,18
6518,25,36
6519,37,20
6520,43,38
6521,42,38
6522,37,38
6523,20,37
6524,22,13
6525,17,21
6526,11,15
6527,11,8
6528,11,9
6529,13,10
6530,17,12
6531,20,17
6532,19,22
6533,21,20
6534,19,22
6535,20,18
6536,34,20
6537,29,38
6538,31,25
6539,28,33
6540,21,25
6541,25,18
6542,21,25
6543,11,19
6544,11,7
6545,14,8
6546,13,11
6547,19,12
6548,13,19
6549,10,12
6550,18,9
6551,27,17
6552,27,32
6553,27,26
6554,15,27
6555,18,9
6556,29,15
6557,27,32
6558,20,25
6559,32,17
6560,18,36
6561,13,10
6562,22,9
6563,21,19
6564,16,21
6565,15,13
6566,21,13
